{
  "type": "ars_nouveau:glyph",
  "count": 1,
  "inputItems": [
    {
      "item": {
        "item": "ars_nouveau:water_essence"
      }
    },
    {
      "item": {
        "item": "ars_nouveau:water_essence"
      }
    },
    {
      "item": {
        "item": "arsomega:sigil_water_active"
      }
    },
    {
      "item": {
        "item": "arsomega:arcane_essence"
      }
    },
    {
      "item": {
        "item": "minecraft:conduit"
      }
    },
    {
      "item": {
        "item": "minecraft:pufferfish_bucket"
      }
    },
    {
      "item": {
        "item": "minecraft:water_bucket"
      }
    }
  ],
  "exp": 400,
  "output": "ars_nouveau:glyph_drown"
}