{
  "type": "ars_nouveau:glyph",
  "count": 1,
  "inputItems": [
    {
      "item": {
        "item": "arsomega:nature_essence"
      }
    },
    {
      "item": {
        "item": "arsomega:sigil_nature_active"
      }
    },
    {
      "item": {
        "item": "minecraft:fishing_rod"
      }
    },
    {
      "item": {
        "item": "minecraft:cobweb"
      }
    },
    {
      "item": {
        "item": "minecraft:vine"
      }
    },
    {
      "item": {
        "item": "minecraft:vine"
      }
    },
    {
      "item": {
        "item": "minecraft:vine"
      }
    }
  ],
  "exp": 50,
  "output": "ars_nouveau:glyph_vine_grab"
}