{
  "type": "ars_nouveau:glyph",
  "count": 1,
  "inputItems": [
    {
      "item": {
        "item": "ars_nouveau:manipulation_essence"
      }
    },
    {
      "item": {
        "item": "ars_nouveau:glyph_exchange"
      }
    },
    {
      "item": {
        "item": "minecraft:emerald_block"
      }
    },
    {
      "item": {
        "item": "minecraft:ender_eye"
      }
    },
    {
      "item": {
        "item": "minecraft:ender_eye"
      }
    }
  ],
  "exp": 50,
  "output": "ars_nouveau:glyph_swap_target"
}