{
  "type": "ars_nouveau:glyph",
  "count": 1,
  "inputItems": [
    {
      "item": {
        "item": "arsomega:arcane_essence"
      }
    },
    {
      "item": {
        "item": "ars_nouveau:fire_essence"
      }
    },
    {
      "item": {
        "item": "ars_nouveau:glyph_explosion"
      }
    },
    {
      "item": {
        "item": "ars_nouveau:glyph_hellfire"
      }
    },
    {
      "item": {
        "item": "minecraft:tnt_minecart"
      }
    },
    {
      "item": {
        "item": "minecraft:tnt_minecart"
      }
    },
    {
      "item": {
        "item": "minecraft:tnt_minecart"
      }
    },
    {
      "item": {
        "item": "minecraft:fire_charge"
      }
    }
  ],
  "exp": 300,
  "output": "ars_nouveau:glyph_fireball"
}