{
  "type": "ars_nouveau:glyph",
  "count": 1,
  "inputItems": [
    {
      "item": {
        "item": "arsomega:arcane_essence"
      }
    },
    {
      "item": {
        "item": "ars_nouveau:air_essence"
      }
    },
    {
      "item": {
        "item": "arsomega:sigil_air_active"
      }
    },
    {
      "item": {
        "item": "ars_nouveau:glyph_gust"
      }
    },
    {
      "item": {
        "item": "minecraft:feather"
      }
    },
    {
      "item": {
        "item": "minecraft:piston"
      }
    },
    {
      "item": {
        "item": "ars_nouveau:wilden_wing"
      }
    }
  ],
  "exp": 200,
  "output": "ars_nouveau:glyph_tornado"
}