{
  "type": "ars_nouveau:glyph",
  "count": 1,
  "inputItems": [
    {
      "item": {
        "item": "ars_nouveau:glyph_projectile"
      }
    },
    {
      "item": {
        "item": "ars_nouveau:glyph_projectile"
      }
    },
    {
      "item": {
        "item": "ars_nouveau:glyph_projectile"
      }
    },
    {
      "item": {
        "item": "minecraft:honey_block"
      }
    },
    {
      "item": {
        "item": "minecraft:slime_block"
      }
    },
    {
      "item": {
        "item": "minecraft:ender_eye"
      }
    },
    {
      "item": {
        "item": "minecraft:end_rod"
      }
    }
  ],
  "exp": 50,
  "output": "ars_nouveau:glyph_projectile_burst"
}