{
  "type": "ars_nouveau:glyph",
  "count": 1,
  "inputItems": [
    {
      "item": {
        "item": "arsomega:arcane_essence"
      }
    },
    {
      "item": {
        "item": "ars_nouveau:fire_essence"
      }
    },
    {
      "item": {
        "item": "ars_nouveau:fire_essence"
      }
    },
    {
      "item": {
        "item": "ars_nouveau:glyph_hellfire"
      }
    },
    {
      "item": {
        "item": "minecraft:flint_and_steel"
      }
    },
    {
      "item": {
        "item": "minecraft:flint_and_steel"
      }
    },
    {
      "item": {
        "item": "minecraft:fire_charge"
      }
    },
    {
      "item": {
        "item": "minecraft:blaze_rod"
      }
    }
  ],
  "exp": 300,
  "output": "ars_nouveau:glyph_hell_flare"
}