{
  "type": "ars_nouveau:glyph",
  "count": 1,
  "inputItems": [
    {
      "item": {
        "item": "ars_nouveau:abjuration_essence"
      }
    },
    {
      "item": {
        "item": "ars_nouveau:manipulation_essence"
      }
    },
    {
      "item": {
        "item": "minecraft:grindstone"
      }
    },
    {
      "item": {
        "item": "minecraft:anvil"
      }
    },
    {
      "item": {
        "item": "minecraft:crying_obsidian"
      }
    }
  ],
  "exp": 40,
  "output": "ars_nouveau:glyph_disenchant"
}