{
  "type": "ars_nouveau:glyph",
  "count": 1,
  "inputItems": [
    {
      "item": {
        "item": "ars_nouveau:abjuration_essence"
      }
    },
    {
      "item": {
        "item": "arsomega:alchemy_essence"
      }
    },
    {
      "item": {
        "item": "ars_nouveau:wixie_shards"
      }
    },
    {
      "item": {
        "item": "ars_nouveau:glyph_dispel"
      }
    },
    {
      "item": {
        "item": "minecraft:milk_bucket"
      }
    },
    {
      "item": {
        "item": "minecraft:milk_bucket"
      }
    },
    {
      "item": {
        "item": "minecraft:milk_bucket"
      }
    },
    {
      "item": {
        "item": "arsomega:arcane_bloom"
      }
    }
  ],
  "exp": 40,
  "output": "ars_nouveau:glyph_dispellant"
}