{
  "type": "ars_nouveau:glyph",
  "count": 1,
  "inputItems": [
    {
      "item": {
        "item": "ars_nouveau:manipulation_essence"
      }
    },
    {
      "item": {
        "item": "minecraft:soul_sand"
      }
    },
    {
      "item": {
        "item": "minecraft:soul_sand"
      }
    },
    {
      "item": {
        "item": "minecraft:soul_sand"
      }
    },
    {
      "item": {
        "item": "minecraft:soul_lantern"
      }
    }
  ],
  "exp": 30,
  "output": "ars_nouveau:glyph_curse"
}