{
  "type": "ars_nouveau:glyph",
  "count": 1,
  "inputItems": [
    {
      "item": {
        "item": "ars_nouveau:abjuration_essence"
      }
    },
    {
      "item": {
        "item": "arsomega:demonic_essence"
      }
    },
    {
      "item": {
        "item": "minecraft:crying_obsidian"
      }
    },
    {
      "item": {
        "item": "minecraft:milk_bucket"
      }
    },
    {
      "item": {
        "item": "minecraft:sponge"
      }
    }
  ],
  "exp": 200,
  "output": "ars_nouveau:glyph_demonic_cleanse"
}