{
  "type": "ars_nouveau:glyph",
  "count": 1,
  "inputItems": [
    {
      "item": {
        "item": "ars_nouveau:fire_essence"
      }
    },
    {
      "item": {
        "item": "ars_nouveau:glyph_ignite"
      }
    },
    {
      "item": {
        "item": "minecraft:soul_campfire"
      }
    },
    {
      "item": {
        "item": "minecraft:soul_sand"
      }
    },
    {
      "item": {
        "item": "minecraft:coal_block"
      }
    }
  ],
  "exp": 150,
  "output": "ars_nouveau:glyph_soulfire"
}