{
  "type": "ars_nouveau:glyph",
  "count": 1,
  "inputItems": [
    {
      "item": {
        "item": "ars_nouveau:abjuration_essence"
      }
    },
    {
      "item": {
        "item": "arsomega:life_essence"
      }
    },
    {
      "item": {
        "item": "ars_nouveau:whirlisprig_shards"
      }
    },
    {
      "item": {
        "item": "minecraft:glistering_melon_slice"
      }
    },
    {
      "item": {
        "item": "minecraft:glistering_melon_slice"
      }
    },
    {
      "item": {
        "item": "minecraft:glistering_melon_slice"
      }
    },
    {
      "item": {
        "item": "minecraft:enchanted_golden_apple"
      }
    }
  ],
  "exp": 40,
  "output": "ars_nouveau:glyph_regen"
}