{
  "type": "ars_nouveau:glyph",
  "count": 1,
  "inputItems": [
    {
      "item": {
        "item": "arsomega:life_essence"
      }
    },
    {
      "item": {
        "item": "minecraft:spider_eye"
      }
    },
    {
      "item": {
        "item": "minecraft:golden_apple"
      }
    },
    {
      "item": {
        "item": "minecraft:glistering_melon_slice"
      }
    },
    {
      "item": {
        "item": "minecraft:beetroot"
      }
    }
  ],
  "exp": 30,
  "output": "ars_nouveau:glyph_adrenaline"
}