{
  "type": "ars_nouveau:glyph",
  "count": 1,
  "inputItems": [
    {
      "item": {
        "item": "ars_nouveau:earth_essence"
      }
    },
    {
      "item": {
        "item": "arsomega:nature_essence"
      }
    },
    {
      "item": {
        "item": "minecraft:bone_block"
      }
    },
    {
      "item": {
        "item": "minecraft:bone_block"
      }
    },
    {
      "item": {
        "item": "minecraft:bone_block"
      }
    },
    {
      "item": {
        "item": "ars_nouveau:magebloom"
      }
    },
    {
      "item": {
        "item": "ars_nouveau:magebloom"
      }
    },
    {
      "item": {
        "item": "ars_nouveau:magebloom"
      }
    }
  ],
  "exp": 30,
  "output": "ars_nouveau:glyph_advanced_grow"
}