{
  "type": "ars_nouveau:glyph",
  "count": 1,
  "inputItems": [
    {
      "item": {
        "item": "ars_nouveau:air_essence"
      }
    },
    {
      "item": {
        "item": "ars_nouveau:fire_essence"
      }
    },
    {
      "item": {
        "item": "minecraft:arrow"
      }
    },
    {
      "item": {
        "item": "minecraft:gunpowder"
      }
    },
    {
      "item": {
        "item": "minecraft:gunpowder"
      }
    }
  ],
  "exp": 50,
  "output": "ars_nouveau:glyph_missile"
}