{
  "name": "item.ars_nouveau.ritual_perma_flight",
  "icon": "ars_nouveau:ritual_perma_flight",
  "category": "ars_nouveau:rituals",
  "pages": [
    {
      "type": "text",
      "text": "The Ritual of Perma-Flight is an upgraded version of the ritual of flight. It is capable of granting near-permanent flight, which lasts for a very long time, and cannot be removed by milk. The source cost is high, however."
    },
    {
      "type": "crafting",
      "recipe": "arsomega:ritual_permaflight"
    }
  ]
}