{
  "name": "item.ars_nouveau.ritual_advanced_overgrowth",
  "category": "ars_nouveau:rituals",
  "icon": "ars_nouveau:ritual_advanced_overgrowth",
  "pages": [
    {
      "text": "The Ritual of Advanced Overgrowth is an upgrade on the ritual of overgrowth. On top of acting faster, it will now affect sugarcane, cactus, nether wart, and even chorus flowers.",
      "type": "patchouli:text"
    },
    {
      "recipe": "arsomega:ritual_advanced_overgrowth",
      "type": "patchouli:crafting"
    }
  ]
}