{
  "name": "item.ars_nouveau.ritual_summoning",
  "icon": "ars_nouveau:ritual_summoning",
  "category": "ars_nouveau:rituals",
  "pages": [
    {
      "type": "text",
      "text": "The Ritual of Summoning will summon entities based on sacrificed items. These are usually mob drops, such as leather or rabbit hide. Spawn count can be increased with diamonds. The summoned mob can be altered with an eye of ender, which spawns a variant instead."
    },
    {
      "type": "crafting",
      "recipe": "arsomega:ritual_summoning"
    }
  ]
}