{
  "name": "Using Spell Sigils",
  "icon": "arsomega:chalk",
  "category": "arsomega:spell_sigils",
  "priority":true,
  "pages": [
    {
      "type": "text",
      "text": "Spell Sigils are special sigils used to cast special effects. They must be used on the center of their corresponding chalk pattern. The patterns can be found in the entry for the respective sigil, with an X representing chalk, an S representing the chalk you use the sigil on, and a - representing air. "
    }
  ]
}