{
  "name": "item.arsomega.spell_sigil_petrify",
  "icon": "arsomega:spell_sigil_petrify",
  "category": "arsomega:spell_sigils",
  "pages": [
    {
      "type": "patchouli:spotlight",
      "item": "arsomega:spell_sigil_petrify",
      "text": "The Spell Sigil of Petrify will petrify all nearby living things in stone, except the caster. This is both stronger and easier to use than the Ritual of Petrification, thus making it INCREDIBLY dangerous. I must devise a way to keep this from falling into the wrong hands."
    },
    {
      "type": "text",
      "text": "Casting Shape: $(br) -  - - x x x - x x x - - - $(br) - - - x - x x x - x - - - $(br) - - x x x - - - x x x - - $(br) x x x - x x x x x - x x x $(br) x - x x x - x - x x x - x $(br) x x - x - x x x - x - x x $(br) - x - x x x S x x x - x - $(br) x x - x - x x x - x - x x $(br) x - x x x - x - x x x - x $(br) x x x - x x x x x - x x x $(br) - - x x x - - - x x x - - $(br) - - - x - x x x - x - - - $(br) - - - x x x - x x x - - - $(br) $(br)Mana cost: 800"
    },
    {
      "type": "patchouli:crafting",
      "recipe": "arsomega:spell_sigil_petrify"
    }
  ]
}