{
	"credit": "Made with Blockbench",
	"textures": {
		"1": "arsomega:blocks/curse_altar"
	},
	"elements": [
		{
			"from": [14, 0, 0.5],
			"to": [15.5, 15, 2],
			"faces": {
				"north": {"uv": [1.125, 7.375, 1.25, 9.25], "texture": "#1"},
				"east": {"uv": [1, 7.375, 1.125, 9.25], "texture": "#1"},
				"south": {"uv": [1.375, 7.375, 1.5, 9.25], "texture": "#1"},
				"west": {"uv": [1.25, 7.375, 1.375, 9.25], "texture": "#1"},
				"up": {"uv": [1.25, 7.375, 1.125, 7.25], "texture": "#1"},
				"down": {"uv": [1.375, 7.25, 1.25, 7.375], "texture": "#1"}
			}
		},
		{
			"from": [0.5, 0, 0.5],
			"to": [2, 15, 2],
			"faces": {
				"north": {"uv": [0.625, 7.375, 0.75, 9.25], "texture": "#1"},
				"east": {"uv": [0.5, 7.375, 0.625, 9.25], "texture": "#1"},
				"south": {"uv": [0.875, 7.375, 1, 9.25], "texture": "#1"},
				"west": {"uv": [0.75, 7.375, 0.875, 9.25], "texture": "#1"},
				"up": {"uv": [0.75, 7.375, 0.625, 7.25], "texture": "#1"},
				"down": {"uv": [0.875, 7.25, 0.75, 7.375], "texture": "#1"}
			}
		},
		{
			"from": [0.5, 0, 14],
			"to": [2, 15, 15.5],
			"faces": {
				"north": {"uv": [0.125, 7.375, 0.25, 9.25], "texture": "#1"},
				"east": {"uv": [0, 7.375, 0.125, 9.25], "texture": "#1"},
				"south": {"uv": [0.375, 7.375, 0.5, 9.25], "texture": "#1"},
				"west": {"uv": [0.25, 7.375, 0.375, 9.25], "texture": "#1"},
				"up": {"uv": [0.25, 7.375, 0.125, 7.25], "texture": "#1"},
				"down": {"uv": [0.375, 7.25, 0.25, 7.375], "texture": "#1"}
			}
		},
		{
			"from": [14, 0, 14],
			"to": [15.5, 15, 15.5],
			"faces": {
				"north": {"uv": [3.375, 7.25, 3.5, 9.125], "texture": "#1"},
				"east": {"uv": [3.25, 7.25, 3.375, 9.125], "texture": "#1"},
				"south": {"uv": [3.625, 7.25, 3.75, 9.125], "texture": "#1"},
				"west": {"uv": [3.5, 7.25, 3.625, 9.125], "texture": "#1"},
				"up": {"uv": [3.5, 7.25, 3.375, 7.125], "texture": "#1"},
				"down": {"uv": [3.625, 7.125, 3.5, 7.25], "texture": "#1"}
			}
		},
		{
			"from": [2, 2, 1],
			"to": [14, 14.5, 2],
			"faces": {
				"north": {"uv": [6.75, 5.875, 8.25, 7.375], "texture": "#1"},
				"east": {"uv": [6.625, 5.875, 6.75, 7.375], "texture": "#1"},
				"south": {"uv": [8.375, 5.875, 9.875, 7.375], "texture": "#1"},
				"west": {"uv": [8.25, 5.875, 8.375, 7.375], "texture": "#1"},
				"up": {"uv": [8.25, 5.875, 6.75, 5.75], "texture": "#1"},
				"down": {"uv": [9.75, 5.75, 8.25, 5.875], "texture": "#1"}
			}
		},
		{
			"from": [1, 2, 2],
			"to": [2, 14.5, 14],
			"faces": {
				"north": {"uv": [3.25, 4.375, 3.375, 5.875], "texture": "#1"},
				"east": {"uv": [1.75, 4.375, 3.25, 5.875], "texture": "#1"},
				"south": {"uv": [4.875, 4.375, 5, 5.875], "texture": "#1"},
				"west": {"uv": [3.375, 4.375, 4.875, 5.875], "texture": "#1"},
				"up": {"uv": [3.375, 4.375, 3.25, 2.875], "texture": "#1"},
				"down": {"uv": [3.5, 2.875, 3.375, 4.375], "texture": "#1"}
			}
		},
		{
			"from": [2, 2, 14],
			"to": [14, 14.5, 15],
			"faces": {
				"north": {"uv": [5.375, 4.25, 6.875, 5.75], "texture": "#1"},
				"east": {"uv": [5.25, 4.25, 5.375, 5.75], "texture": "#1"},
				"south": {"uv": [7, 4.25, 8.5, 5.75], "texture": "#1"},
				"west": {"uv": [6.875, 4.25, 7, 5.75], "texture": "#1"},
				"up": {"uv": [6.875, 4.25, 5.375, 4.125], "texture": "#1"},
				"down": {"uv": [8.375, 4.125, 6.875, 4.25], "texture": "#1"}
			}
		},
		{
			"from": [14, 2, 2],
			"to": [15, 14.4, 14],
			"faces": {
				"north": {"uv": [1.5, 2.875, 1.625, 4.375], "texture": "#1"},
				"east": {"uv": [0, 2.875, 1.5, 4.375], "texture": "#1"},
				"south": {"uv": [3.125, 2.875, 3.25, 4.375], "texture": "#1"},
				"west": {"uv": [1.625, 2.875, 3.125, 4.375], "texture": "#1"},
				"up": {"uv": [1.625, 2.875, 1.5, 1.375], "texture": "#1"},
				"down": {"uv": [1.75, 1.375, 1.625, 2.875], "texture": "#1"}
			}
		},
		{
			"from": [13, 2, 2],
			"to": [14, 13.4, 13],
			"faces": {
				"north": {"uv": [6.5, 1.375, 6.625, 2.75], "texture": "#1"},
				"east": {"uv": [5.125, 1.375, 6.5, 2.75], "texture": "#1"},
				"south": {"uv": [8, 1.375, 8.125, 2.75], "texture": "#1"},
				"west": {"uv": [6.625, 1.375, 8, 2.75], "texture": "#1"},
				"up": {"uv": [6.625, 1.375, 6.5, 0], "texture": "#1"},
				"down": {"uv": [6.75, 0, 6.625, 1.375], "texture": "#1"}
			}
		},
		{
			"from": [2, 2, 3],
			"to": [3, 13.4, 14],
			"rotation": {"angle": 0, "axis": "y", "origin": [8, 0, 8]},
			"faces": {
				"north": {"uv": [8, 1.375, 8.125, 2.75], "texture": "#1"},
				"east": {"uv": [6.625, 1.375, 8, 2.75], "texture": "#1"},
				"south": {"uv": [6.5, 1.375, 6.625, 2.75], "texture": "#1"},
				"west": {"uv": [5.125, 1.375, 6.5, 2.75], "texture": "#1"},
				"up": {"uv": [6.625, 1.375, 6.5, 0], "rotation": 180, "texture": "#1"},
				"down": {"uv": [6.75, 0, 6.625, 1.375], "rotation": 180, "texture": "#1"}
			}
		},
		{
			"from": [2, 2, 2],
			"to": [13, 13.4, 3],
			"rotation": {"angle": 0, "axis": "y", "origin": [8, 0, 8]},
			"faces": {
				"north": {"uv": [5.125, 1.375, 6.5, 2.75], "texture": "#1"},
				"east": {"uv": [8, 1.375, 8.125, 2.75], "texture": "#1"},
				"south": {"uv": [6.625, 1.375, 8, 2.75], "texture": "#1"},
				"west": {"uv": [6.5, 1.375, 6.625, 2.75], "texture": "#1"},
				"up": {"uv": [6.625, 1.375, 6.5, 0], "rotation": 270, "texture": "#1"},
				"down": {"uv": [6.75, 0, 6.625, 1.375], "rotation": 90, "texture": "#1"}
			}
		},
		{
			"from": [3, 2, 13],
			"to": [14, 13.4, 14],
			"rotation": {"angle": 0, "axis": "y", "origin": [8, 0, 8]},
			"faces": {
				"north": {"uv": [6.625, 1.375, 8, 2.75], "texture": "#1"},
				"east": {"uv": [6.5, 1.375, 6.625, 2.75], "texture": "#1"},
				"south": {"uv": [5.125, 1.375, 6.5, 2.75], "texture": "#1"},
				"west": {"uv": [8, 1.375, 8.125, 2.75], "texture": "#1"},
				"up": {"uv": [6.625, 1.375, 6.5, 0], "rotation": 90, "texture": "#1"},
				"down": {"uv": [6.75, 0, 6.625, 1.375], "rotation": 270, "texture": "#1"}
			}
		},
		{
			"from": [13, 2, 2],
			"to": [14, 13.4, 13],
			"faces": {
				"north": {"uv": [5, 5.875, 5.125, 7.25], "texture": "#1"},
				"east": {"uv": [3.625, 5.875, 5, 7.25], "texture": "#1"},
				"south": {"uv": [6.5, 5.875, 6.625, 7.25], "texture": "#1"},
				"west": {"uv": [5.125, 5.875, 6.5, 7.25], "texture": "#1"},
				"up": {"uv": [5.125, 5.875, 5, 4.5], "texture": "#1"},
				"down": {"uv": [5.25, 4.5, 5.125, 5.875], "texture": "#1"}
			}
		},
		{
			"from": [13, 2, 2],
			"to": [14, 13.4, 13],
			"faces": {
				"north": {"uv": [1.375, 5.875, 1.5, 7.25], "texture": "#1"},
				"east": {"uv": [0, 5.875, 1.375, 7.25], "texture": "#1"},
				"south": {"uv": [2.875, 5.875, 3, 7.25], "texture": "#1"},
				"west": {"uv": [1.5, 5.875, 2.875, 7.25], "texture": "#1"},
				"up": {"uv": [1.5, 5.875, 1.375, 4.5], "texture": "#1"},
				"down": {"uv": [1.625, 4.5, 1.5, 5.875], "texture": "#1"}
			}
		},
		{
			"from": [13, 2, 2],
			"to": [14, 13.4, 13],
			"faces": {
				"north": {"uv": [4.875, 2.75, 5, 4.125], "texture": "#1"},
				"east": {"uv": [3.5, 2.75, 4.875, 4.125], "texture": "#1"},
				"south": {"uv": [6.375, 2.75, 6.5, 4.125], "texture": "#1"},
				"west": {"uv": [5, 2.75, 6.375, 4.125], "texture": "#1"},
				"up": {"uv": [5, 2.75, 4.875, 1.375], "texture": "#1"},
				"down": {"uv": [5.125, 1.375, 5, 2.75], "texture": "#1"}
			}
		},
		{
			"from": [14.25, 10.5, 2],
			"to": [15.25, 11.5, 14],
			"faces": {
				"north": {"uv": [8.9, 9.8125, 9.025, 9.9375], "texture": "#1"},
				"east": {"uv": [7.4, 9.8125, 8.9, 9.9375], "texture": "#1"},
				"south": {"uv": [10.525, 9.8125, 10.65, 9.9375], "texture": "#1"},
				"west": {"uv": [9.025, 9.8125, 10.525, 9.9375], "texture": "#1"},
				"up": {"uv": [9.025, 9.8125, 8.9, 8.3125], "texture": "#1"},
				"down": {"uv": [9.15, 8.3125, 9.025, 9.8125], "texture": "#1"}
			}
		},
		{
			"from": [0.55, 11.6, 7.2],
			"to": [1.75, 13.1, 8.8],
			"faces": {
				"north": {"uv": [0.125, 0.375, 0.25, 0.5], "texture": "#1"},
				"east": {"uv": [0, 0.375, 0.125, 0.5], "texture": "#1"},
				"south": {"uv": [0.375, 0.375, 0.5, 0.5], "texture": "#1"},
				"west": {"uv": [0.25, 0.375, 0.375, 0.5], "texture": "#1"},
				"up": {"uv": [0.25, 0.375, 0.125, 0.25], "texture": "#1"},
				"down": {"uv": [0.375, 0.25, 0.25, 0.375], "texture": "#1"}
			}
		},
		{
			"from": [0.75, 13.1, 2],
			"to": [1.75, 14.1, 14],
			"faces": {
				"north": {"uv": [8.9, 9.8125, 9.025, 9.9375], "texture": "#1"},
				"east": {"uv": [7.4, 9.8125, 8.9, 9.9375], "texture": "#1"},
				"south": {"uv": [10.525, 9.8125, 10.65, 9.9375], "texture": "#1"},
				"west": {"uv": [9.025, 9.8125, 10.525, 9.9375], "texture": "#1"},
				"up": {"uv": [9.025, 9.8125, 8.9, 8.3125], "texture": "#1"},
				"down": {"uv": [9.15, 8.3125, 9.025, 9.8125], "texture": "#1"}
			}
		},
		{
			"from": [0.75, 10.6, 2],
			"to": [1.75, 11.6, 14],
			"faces": {
				"north": {"uv": [8.9, 9.8125, 9.025, 9.9375], "texture": "#1"},
				"east": {"uv": [7.4, 9.8125, 8.9, 9.9375], "texture": "#1"},
				"south": {"uv": [10.525, 9.8125, 10.65, 9.9375], "texture": "#1"},
				"west": {"uv": [9.025, 9.8125, 10.525, 9.9375], "texture": "#1"},
				"up": {"uv": [9.025, 9.8125, 8.9, 8.3125], "texture": "#1"},
				"down": {"uv": [9.15, 8.3125, 9.025, 9.8125], "texture": "#1"}
			}
		},
		{
			"from": [14.25, 13, 2],
			"to": [15.25, 14, 14],
			"faces": {
				"north": {"uv": [8.9, 9.8125, 9.025, 9.9375], "texture": "#1"},
				"east": {"uv": [7.4, 9.8125, 8.9, 9.9375], "texture": "#1"},
				"south": {"uv": [10.525, 9.8125, 10.65, 9.9375], "texture": "#1"},
				"west": {"uv": [9.025, 9.8125, 10.525, 9.9375], "texture": "#1"},
				"up": {"uv": [9.025, 9.8125, 8.9, 8.3125], "texture": "#1"},
				"down": {"uv": [9.15, 8.3125, 9.025, 9.8125], "texture": "#1"}
			}
		},
		{
			"from": [14.25, 11.5, 7.2],
			"to": [15.45, 13, 8.8],
			"faces": {
				"north": {"uv": [0.5, 0.25, 0.625, 0.375], "texture": "#1"},
				"east": {"uv": [0.375, 0.25, 0.5, 0.375], "texture": "#1"},
				"south": {"uv": [0.75, 0.25, 0.875, 0.375], "texture": "#1"},
				"west": {"uv": [0.625, 0.25, 0.75, 0.375], "texture": "#1"},
				"up": {"uv": [0.625, 0.25, 0.5, 0.125], "texture": "#1"},
				"down": {"uv": [0.75, 0.125, 0.625, 0.25], "texture": "#1"}
			}
		},
		{
			"from": [0.75, 10.5, 2],
			"to": [1.75, 11.5, 14],
			"faces": {
				"north": {"uv": [8.875, 9.875, 9, 10], "texture": "#1"},
				"east": {"uv": [7.375, 9.875, 8.875, 10], "texture": "#1"},
				"south": {"uv": [10.5, 9.875, 10.625, 10], "texture": "#1"},
				"west": {"uv": [9, 9.875, 10.5, 10], "texture": "#1"},
				"up": {"uv": [9, 9.875, 8.875, 8.375], "texture": "#1"},
				"down": {"uv": [9.125, 8.375, 9, 9.875], "texture": "#1"}
			}
		},
		{
			"from": [7.2, 11.5, 0.55],
			"to": [8.8, 13, 1.75],
			"rotation": {"angle": 0, "axis": "y", "origin": [8, 0, 8]},
			"faces": {
				"north": {"uv": [0.625, 0.5, 0.75, 0.625], "texture": "#1"},
				"east": {"uv": [0.5, 0.5, 0.625, 0.625], "texture": "#1"},
				"south": {"uv": [0.375, 0.5, 0.5, 0.625], "texture": "#1"},
				"west": {"uv": [0.75, 0.5, 0.875, 0.625], "texture": "#1"},
				"up": {"uv": [0.625, 0.5, 0.5, 0.375], "rotation": 90, "texture": "#1"},
				"down": {"uv": [0.75, 0.375, 0.625, 0.5], "rotation": 270, "texture": "#1"}
			}
		},
		{
			"from": [2, 13, 0.75],
			"to": [14, 14, 1.75],
			"rotation": {"angle": 0, "axis": "y", "origin": [8, 0, 8]},
			"faces": {
				"north": {"uv": [9, 9.875, 10.5, 10], "texture": "#1"},
				"east": {"uv": [8.875, 9.875, 9, 10], "texture": "#1"},
				"south": {"uv": [7.375, 9.875, 8.875, 10], "texture": "#1"},
				"west": {"uv": [10.5, 9.875, 10.625, 10], "texture": "#1"},
				"up": {"uv": [9, 9.875, 8.875, 8.375], "rotation": 90, "texture": "#1"},
				"down": {"uv": [9.125, 8.375, 9, 9.875], "rotation": 270, "texture": "#1"}
			}
		},
		{
			"from": [2, 10.5, 0.75],
			"to": [14, 11.5, 1.75],
			"rotation": {"angle": 0, "axis": "y", "origin": [8, 0, 8]},
			"faces": {
				"north": {"uv": [9, 9.875, 10.5, 10], "texture": "#1"},
				"east": {"uv": [8.875, 9.875, 9, 10], "texture": "#1"},
				"south": {"uv": [7.375, 9.875, 8.875, 10], "texture": "#1"},
				"west": {"uv": [10.5, 9.875, 10.625, 10], "texture": "#1"},
				"up": {"uv": [9, 9.875, 8.875, 8.375], "rotation": 90, "texture": "#1"},
				"down": {"uv": [9.125, 8.375, 9, 9.875], "rotation": 270, "texture": "#1"}
			}
		},
		{
			"from": [2, 13, 14.25],
			"to": [14, 14, 15.25],
			"rotation": {"angle": 0, "axis": "y", "origin": [8, 0, 8]},
			"faces": {
				"north": {"uv": [7.375, 9.875, 8.875, 10], "texture": "#1"},
				"east": {"uv": [10.5, 9.875, 10.625, 10], "texture": "#1"},
				"south": {"uv": [9, 9.875, 10.5, 10], "texture": "#1"},
				"west": {"uv": [8.875, 9.875, 9, 10], "texture": "#1"},
				"up": {"uv": [9, 9.875, 8.875, 8.375], "rotation": 270, "texture": "#1"},
				"down": {"uv": [9.125, 8.375, 9, 9.875], "rotation": 90, "texture": "#1"}
			}
		},
		{
			"from": [7.2, 11.5, 14.25],
			"to": [8.8, 13, 15.45],
			"rotation": {"angle": 0, "axis": "y", "origin": [8, 0, 8]},
			"faces": {
				"north": {"uv": [0.375, 0.5, 0.5, 0.625], "texture": "#1"},
				"east": {"uv": [0.75, 0.5, 0.875, 0.625], "texture": "#1"},
				"south": {"uv": [0.625, 0.5, 0.75, 0.625], "texture": "#1"},
				"west": {"uv": [0.5, 0.5, 0.625, 0.625], "texture": "#1"},
				"up": {"uv": [0.625, 0.5, 0.5, 0.375], "rotation": 270, "texture": "#1"},
				"down": {"uv": [0.75, 0.375, 0.625, 0.5], "rotation": 90, "texture": "#1"}
			}
		},
		{
			"from": [2, 10.5, 14.25],
			"to": [14, 11.5, 15.25],
			"rotation": {"angle": 0, "axis": "y", "origin": [8, 0, 8]},
			"faces": {
				"north": {"uv": [7.375, 9.875, 8.875, 10], "texture": "#1"},
				"east": {"uv": [10.5, 9.875, 10.625, 10], "texture": "#1"},
				"south": {"uv": [9, 9.875, 10.5, 10], "texture": "#1"},
				"west": {"uv": [8.875, 9.875, 9, 10], "texture": "#1"},
				"up": {"uv": [9, 9.875, 8.875, 8.375], "rotation": 270, "texture": "#1"},
				"down": {"uv": [9.125, 8.375, 9, 9.875], "rotation": 90, "texture": "#1"}
			}
		},
		{
			"from": [0.75, 10.5, 2],
			"to": [1.75, 11.5, 14],
			"faces": {
				"north": {"uv": [8.875, 9.875, 9, 10], "texture": "#1"},
				"east": {"uv": [7.375, 9.875, 8.875, 10], "texture": "#1"},
				"south": {"uv": [10.5, 9.875, 10.625, 10], "texture": "#1"},
				"west": {"uv": [9, 9.875, 10.5, 10], "texture": "#1"},
				"up": {"uv": [9, 9.875, 8.875, 8.375], "texture": "#1"},
				"down": {"uv": [9.125, 8.375, 9, 9.875], "texture": "#1"}
			}
		},
		{
			"from": [0.55, 11.5, 7.2],
			"to": [1.75, 13, 8.8],
			"faces": {
				"north": {"uv": [0.5, 0.5, 0.625, 0.625], "texture": "#1"},
				"east": {"uv": [0.375, 0.5, 0.5, 0.625], "texture": "#1"},
				"south": {"uv": [0.75, 0.5, 0.875, 0.625], "texture": "#1"},
				"west": {"uv": [0.625, 0.5, 0.75, 0.625], "texture": "#1"},
				"up": {"uv": [0.625, 0.5, 0.5, 0.375], "texture": "#1"},
				"down": {"uv": [0.75, 0.375, 0.625, 0.5], "texture": "#1"}
			}
		},
		{
			"from": [0.75, 13, 2],
			"to": [1.75, 14, 14],
			"faces": {
				"north": {"uv": [8.875, 9.875, 9, 10], "texture": "#1"},
				"east": {"uv": [7.375, 9.875, 8.875, 10], "texture": "#1"},
				"south": {"uv": [10.5, 9.875, 10.625, 10], "texture": "#1"},
				"west": {"uv": [9, 9.875, 10.5, 10], "texture": "#1"},
				"up": {"uv": [9, 9.875, 8.875, 8.375], "texture": "#1"},
				"down": {"uv": [9.125, 8.375, 9, 9.875], "texture": "#1"}
			}
		},
		{
			"from": [2, 13, 14.25],
			"to": [14, 14, 15.25],
			"rotation": {"angle": 0, "axis": "y", "origin": [8, 0, 8]},
			"faces": {
				"north": {"uv": [7.375, 9.875, 8.875, 10], "texture": "#1"},
				"east": {"uv": [10.5, 9.875, 10.625, 10], "texture": "#1"},
				"south": {"uv": [9, 9.875, 10.5, 10], "texture": "#1"},
				"west": {"uv": [8.875, 9.875, 9, 10], "texture": "#1"},
				"up": {"uv": [9, 9.875, 8.875, 8.375], "rotation": 270, "texture": "#1"},
				"down": {"uv": [9.125, 8.375, 9, 9.875], "rotation": 90, "texture": "#1"}
			}
		},
		{
			"from": [7.2, 11.5, 14.25],
			"to": [8.8, 13, 15.45],
			"rotation": {"angle": 0, "axis": "y", "origin": [8, 0, 8]},
			"faces": {
				"north": {"uv": [0.375, 0.5, 0.5, 0.625], "texture": "#1"},
				"east": {"uv": [0.75, 0.5, 0.875, 0.625], "texture": "#1"},
				"south": {"uv": [0.625, 0.5, 0.75, 0.625], "texture": "#1"},
				"west": {"uv": [0.5, 0.5, 0.625, 0.625], "texture": "#1"},
				"up": {"uv": [0.625, 0.5, 0.5, 0.375], "rotation": 270, "texture": "#1"},
				"down": {"uv": [0.75, 0.375, 0.625, 0.5], "rotation": 90, "texture": "#1"}
			}
		},
		{
			"from": [2, 10.5, 14.25],
			"to": [14, 11.5, 15.25],
			"rotation": {"angle": 0, "axis": "y", "origin": [8, 0, 8]},
			"faces": {
				"north": {"uv": [7.375, 9.875, 8.875, 10], "texture": "#1"},
				"east": {"uv": [10.5, 9.875, 10.625, 10], "texture": "#1"},
				"south": {"uv": [9, 9.875, 10.5, 10], "texture": "#1"},
				"west": {"uv": [8.875, 9.875, 9, 10], "texture": "#1"},
				"up": {"uv": [9, 9.875, 8.875, 8.375], "rotation": 270, "texture": "#1"},
				"down": {"uv": [9.125, 8.375, 9, 9.875], "rotation": 90, "texture": "#1"}
			}
		},
		{
			"from": [0.75, 13, 2],
			"to": [1.75, 14, 14],
			"faces": {
				"north": {"uv": [8.875, 9.875, 9, 10], "texture": "#1"},
				"east": {"uv": [7.375, 9.875, 8.875, 10], "texture": "#1"},
				"south": {"uv": [10.5, 9.875, 10.625, 10], "texture": "#1"},
				"west": {"uv": [9, 9.875, 10.5, 10], "texture": "#1"},
				"up": {"uv": [9, 9.875, 8.875, 8.375], "texture": "#1"},
				"down": {"uv": [9.125, 8.375, 9, 9.875], "texture": "#1"}
			}
		},
		{
			"from": [0.55, 11.5, 7.2],
			"to": [1.75, 13, 8.8],
			"faces": {
				"north": {"uv": [0.125, 0.125, 0.25, 0.25], "texture": "#1"},
				"east": {"uv": [0, 0.125, 0.125, 0.25], "texture": "#1"},
				"south": {"uv": [0.375, 0.125, 0.5, 0.25], "texture": "#1"},
				"west": {"uv": [0.25, 0.125, 0.375, 0.25], "texture": "#1"},
				"up": {"uv": [0.25, 0.125, 0.125, 0], "texture": "#1"},
				"down": {"uv": [0.375, 0, 0.25, 0.125], "texture": "#1"}
			}
		},
		{
			"from": [0.75, 13, 2],
			"to": [1.75, 14, 14],
			"faces": {
				"north": {"uv": [8.875, 9.875, 9, 10], "texture": "#1"},
				"east": {"uv": [7.375, 9.875, 8.875, 10], "texture": "#1"},
				"south": {"uv": [10.5, 9.875, 10.625, 10], "texture": "#1"},
				"west": {"uv": [9, 9.875, 10.5, 10], "texture": "#1"},
				"up": {"uv": [9, 9.875, 8.875, 8.375], "texture": "#1"},
				"down": {"uv": [9.125, 8.375, 9, 9.875], "texture": "#1"}
			}
		},
		{
			"from": [0.75, 10.5, 2],
			"to": [1.75, 11.5, 14],
			"faces": {
				"north": {"uv": [8.875, 9.875, 9, 10], "texture": "#1"},
				"east": {"uv": [7.375, 9.875, 8.875, 10], "texture": "#1"},
				"south": {"uv": [10.5, 9.875, 10.625, 10], "texture": "#1"},
				"west": {"uv": [9, 9.875, 10.5, 10], "texture": "#1"},
				"up": {"uv": [9, 9.875, 8.875, 8.375], "texture": "#1"},
				"down": {"uv": [9.125, 8.375, 9, 9.875], "texture": "#1"}
			}
		},
		{
			"from": [0.55, 11.5, 7.2],
			"to": [1.75, 13, 8.8],
			"faces": {
				"north": {"uv": [0.5, 0.5, 0.625, 0.625], "texture": "#1"},
				"east": {"uv": [0.375, 0.5, 0.5, 0.625], "texture": "#1"},
				"south": {"uv": [0.75, 0.5, 0.875, 0.625], "texture": "#1"},
				"west": {"uv": [0.625, 0.5, 0.75, 0.625], "texture": "#1"},
				"up": {"uv": [0.625, 0.5, 0.5, 0.375], "texture": "#1"},
				"down": {"uv": [0.75, 0.375, 0.625, 0.5], "texture": "#1"}
			}
		},
		{
			"name": "bottom",
			"from": [3, 2, 3],
			"to": [13, 3, 13],
			"faces": {
				"north": {"uv": [1.25, 1.25, 2.5, 1.375], "texture": "#1"},
				"east": {"uv": [0, 1.25, 1.25, 1.375], "texture": "#1"},
				"south": {"uv": [3.75, 1.25, 5, 1.375], "texture": "#1"},
				"west": {"uv": [2.5, 1.25, 3.75, 1.375], "texture": "#1"},
				"up": {"uv": [2.5, 1.25, 1.25, 0], "texture": "#1"},
				"down": {"uv": [3.75, 0, 2.5, 1.25], "texture": "#1"}
			}
		}
	],
	"groups": [
		{
			"name": "corners",
			"origin": [0, 0, 0],
			"color": 0,
			"children": [0, 1, 2, 3]
		},
		{
			"name": "Sides",
			"origin": [0, 0, 0],
			"color": 0,
			"children": [4, 5, 6, 7, 8, 9, 10, 11, 12, 13, 14]
		},
		{
			"name": "details",
			"origin": [0, 0, 0],
			"color": 0,
			"children": [15, 16, 17, 18, 19, 20, 21, 22, 23, 24, 25, 26, 27, 28, 29, 30, 31, 32, 33, 34, 35, 36, 37, 38]
		},
		{
			"name": "bone",
			"origin": [0, 0, 0],
			"color": 0,
			"children": [39]
		}
	]
}