{
  "name": "Demonic Rift",
  "icon": "arsomega:demonic_rift",
  "category": "arsomega:demon_realm",
  "pages": [
    {
      "type": "text",
      "text": "Demonic rifts are found underground in the demon realm, and will lead one back to the overworld. They are not stable however, and can drop you into a dangerous situation. To find them, you can either mine or search cliff faces. They will not spawn on the top of the dimension."
    },
    {
      "type": "spotlight",
      "item": "arsomega:demonic_rift",
      "link_recipe": "true"
    }
  ]
}