{
  "name": "Demon King",
  "icon": "arsomega:demonic_crystal",
  "category": "arsomega:demon_realm",
  "pages": [
    {
      "type": "text",
      "text": "The Demon King is the boss of the demon realm. He is very powerful, and a tier 3 spellbook is highly recommended. The Demon King drops the Demon Crystal, which is used in crafting the tier 4 spellbook. The Demon King can be summoned with the Demon Staff, which is found in structures in the Demon Realm."
    },
    {
      "type": "spotlight",
      "item": "arsomega:demon_staff",
      "text": "The Demon Staff is found in structures in the Demon Realm, and contains ",
      "link_recipe": "true"
    },
    {
      "type": "spotlight",
      "item": "arsomega:demonic_crystal",
      "text": "Demon Crystals are dropped by the Demon King boss",
      "link_recipe": "true"
    },
    {
      "type": "relations",
      "entries":["arsomega:demon_realm/demonic_realm"]
    }
  ]
}