{
  "name": "Demons",
  "icon": "arsomega:searing_flesh",
  "category": "arsomega:demon_realm",
  "pages": [
    {
      "type": "text",
      "text": "The Demon Realm contains various demons, each with different effects."
    },
    {
      "type": "patchouli:entity",
      "entity": "arsomega:demon_basic",
      "text": "Basic demons are the most common form of lesser demon. They drop searing flesh."
    },
    {
      "type": "patchouli:entity",
      "entity": "arsomega:demon_strong",
      "text": "Strong demons are a less common form of lesser demon. They move slowly, but pack quite a punch. They drop a lot of searing flesh."
    },
    {
      "type": "patchouli:entity",
      "entity": "arsomega:demon_raptor",
      "text": "Beast demons are a less common form of lesser demon. They move very quickly and can surround you easily. They drop searing flesh and a demonic tooth."
    },
    {
      "type": "spotlight",
      "item": "arsomega:searing_flesh",
      "text": "Searing flesh is dropped by most lesser demons from the demon realm. This includes those that can be summoned with a ritual of demonic summoning.",
      "link_recipe": "false"
    },
    {
      "type": "spotlight",
      "item": "arsomega:demonic_tooth",
      "text": "Demonic Teeth are dropped by beast-type demons in the demon realm.",
      "link_recipe": "true"
    }
  ]
}