{
  "name": "Demon Realm",
  "icon": "arsomega:demonic_stone",
  "category": "arsomega:demon_realm",
  "pages": [
    {
      "type": "text",
      "text": "The Demon Realm is a cursed place, full of blood and monsters. Most banished here never return. However, there are powerful items hidden in the realm's depths, if you are brave enough to seek them. To return from the realm, you must find a demonic rift and step on it."
    },
    {
      "type": "relations",
      "entries":["arsomega:demon_realm/getting_started","arsomega:rituals/ritual_banishment","arsomega:demon_realm/demonic_rift","arsomega:demon_realm/demon_entities"]
    }
  ]
}