{
  "name": "item.arsomega.sigil_alchemy",
  "icon": "arsomega:sigil_alchemy_active",
  "category": "arsomega:sigils",
  "pages": [
    {
      "type": "patchouli:spotlight",
      "item": "arsomega:sigil_alchemy",
      "text": "The Sigil of Alchemy represents the element of alchemy.",
      "link_recipe": "true"
    },
    {
      "type": "text",
      "text": "Recipe: $(br) x x x x x x x $(br) x x - x - x x $(br) x - x x x - x $(br) x x x B x x x $(br) x - x x x - x $(br) x x - x - x x $(br) x x x x x x x $(br) $(br)Source cost: 500"
    },
    {
      "type": "text",
      "text": "The Sigil of Alchemy can be activated with alchemy essence."
    },
    {
      "type": "patchouli:crafting",
      "recipe": "arsomega:sigil_alchemy_active"
    }
  ]
}