{
  "name": "item.arsomega.sigil_binding",
  "icon": "arsomega:sigil_binding_active",
  "category": "arsomega:sigils",
  "sortnum": 3,
  "pages": [
    {
      "type": "patchouli:spotlight",
      "item": "arsomega:sigil_binding",
      "text": "The Sigil of Binding is one of the most powerful sigils, however it is incredibly complicated to create. ",
      "link_recipe": "true"
    },
    {
      "type": "text",
      "text": "Recipe: $(br)- - - - - x x x x x - - - - - $(br)- - - x x x - x - x x x - - - $(br)- - x x - - x x x - - x x - - $(br)- x x - - - x - x - - - x x - $(br)- x - - - x x - x x - - - x - $(br)x x x x x x x x x x x x x x x $(br)x - x x - x - - - x - x x - x $(br)x - - x x x - B - x x x - - x $(br)x - - - x x x - x x x - - - x $(br)x x - - x - x x x - x - - x x $(br)- x - - x - x x x - x - - x - $(br)- x x - x x x - x x x - x x - $(br)- - x x x x - - - x x x x - - $(br)- - - x x x - - - x x x - - - $(br)- - - - - x x x x x - - - - - $(br)Source cost: 2000"
    },
    {
      "type": "text",
      "text": "The Sigil of Binding requires demonic essence to activate."
    },
    {
      "type": "patchouli:crafting",
      "recipe": "arsomega:sigil_binding_active"
    }
  ]
}