{
  "pools": [
    {
      "rolls": 1,
      "entries": [
        {
          "type": "minecraft:item",
          "name": "ars_nouveau:caster_tome",
          "functions": [
            {
              "function": "arsomega:set_spell",
              "name": "Enchant",
              "spell": ["projectile","enchant","amplify","amplify","amplify"]
            }
          ]
        },
        {
          "type": "minecraft:item",
          "name": "ars_nouveau:caster_tome",
          "functions": [
            {
              "function": "arsomega:set_spell",
              "name": "Fireball",
              "spell": ["missile","pierce","explosion","propagate_projectile","ignite","aoe","aoe"],
              "color": [255,250,25]
            }
          ]
        },
        {
          "type": "minecraft:item",
          "name": "ars_nouveau:caster_tome",
          "functions": [
            {
              "function": "arsomega:set_spell",
              "name": "Earth Crush",
              "spell": ["projectile","crush","amplify","amplify","flatten","amplify","amplify","gravity","snare"],
              "color": [209,255,124]
            }
          ]
        },
        {
          "type": "minecraft:item",
          "name": "ars_nouveau:caster_tome",
          "functions": [
            {
              "function": "arsomega:set_spell",
              "name": "Decay",
              "spell": ["projectile","rot","aoe","aoe","aoe","amplify","extend_time","harm","extend_time","amplify"],
              "color": [125,255,175]
            }
          ]
        }
      ]
    },
    {
      "rolls": 2,
      "entries": [
        {
          "type": "minecraft:item",
          "weight": 2,
          "name": "ars_nouveau:warp_scroll",
          "functions": [
            {
              "function": "minecraft:set_count",
              "count": {
                "min": 2,
                "max": 4
              }
            }
          ]
        },
        {
          "type": "minecraft:item",
          "weight": 1,
          "name": "ars_nouveau:spell_parchment",
          "functions": [
            {
              "function": "minecraft:set_count",
              "count": {
                "min": 14,
                "max": 22
              }
            }
          ]
        },
        {
          "type": "minecraft:item",
          "weight": 1,
          "name": "ars_nouveau:amulet_of_mana_boost"
        },
        {
          "type": "minecraft:item",
          "weight": 1,
          "name": "ars_nouveau:amulet_of_mana_regen"
        },
        {
          "type": "minecraft:item",
          "weight": 1,
          "name": "ars_nouveau:source_berry_pie",
          "functions": [
            {
              "function": "minecraft:set_count",
              "count": {
                "min": 3,
                "max": 6
              }
            }
          ]
        }
      ]
    },
    {
      "rolls": 1,
      "entries": [
        {
          "type": "minecraft:item",
          "weight": 2,
          "name": "arsomega:ancient_mirror_shard"
        }
      ]
    }
  ]
}