{
  "name": "Arcane Armor",
  "icon": "arsomega:arcane_chestplate",
  "category": "arsomega:arcane_equipment",
  "pages": [
    {
      "type": "text",
      "text": "Arcane Armor is one of the tier 4 armor options. It is highly magically infused, and has incredible mana regen and boost properties."
    },
    {
      "type": "spotlight",
      "item": "arsomega:arcane_cloth",
      "text": "Arcane Armor is made with Archmage's armor and arcane cloth in a smithing table."
    },
    {
      "type": "apparatus_recipe",
      "recipe": "arsomega:arcane_cloth"
    },
    {
      "type": "relations",
      "entries":["arsomega:items/arcane_cloth"]
    }
  ]
}