{
  "name": "item.arsomega.arcane_cloth",
  "icon": "arsomega:arcane_cloth",
  "category": "arsomega:arcane_equipment",
  "pages": [
    {
      "type": "text",
      "text": "Arcane cloth is coveted for it's high durability and magic output."
    },
    {
      "type": "text",
      "text": "Arcane cloth is created using arcane fiber and netherite."

    },
    {
      "type": "spotlight",
      "item": "arsomega:arcane_cloth",
      "link_recipe": "true"
    },
    {
      "type": "apparatus_recipe",
      "recipe": "arsomega:arcane_cloth"
    }

  ]
}