{
  "name": "Enchanter's Wool Armor",
  "icon": "arsomega:defense_chestplate",
  "category": "arsomega:arcane_equipment",
  "pages": [
    {
      "type": "text",
      "text": "Enchanter's Wool Armor is one of the tier 4 armor options. It is infused with various protective spells, and absorbs an incredible amount of damage."
    },
    {
      "type": "spotlight",
      "item": "arsomega:enchanters_wool",
      "text": "Enchanter's Wool Armor is made with Archmage's armor and enchanter's wool in a smithing table."
    }
  ]
}