{
  "name": "Enchanter's Cloak",
  "icon": "arsomega:enchanters_cloak",
  "category": "arsomega:arcane_equipment",
  "pages": [
    {
      "type": "spotlight",
      "item": "arsomega:enchanters_cloak",
      "text": "The Enchanter's Cloak is a powerful magical item, powerful of repelling projectiles of all kinds when worn. The cloak will only protect the wearer's back, however."
    },
    {
      "type": "apparatus_recipe",
      "recipe": "arsomega:enchanters_cloak"
    }
  ]
}