{
  "name": "Stability Cloak",
  "icon": "arsomega:stability_cloak",
  "category": "arsomega:arcane_equipment",
  "pages": [
    {
      "type": "spotlight",
      "item": "arsomega:stability_cloak",
      "text": "The Stability Cloak is an arcane magical item with the ability to protect the wearer from the effects of the swap target glyph. The cloak provides no other protections, however."
    },
    {
      "type": "apparatus_recipe",
      "recipe": "arsomega:stability_cloak"
    }
  ]
}