{
	"format_version": "1.12.0",
	"minecraft:geometry": [
		{
			"description": {
				"identifier": "geometry.unknown",
				"texture_width": 64,
				"texture_height": 64,
				"visible_bounds_width": 4,
				"visible_bounds_height": 3.5,
				"visible_bounds_offset": [0, 1.25, 0]
			},
			"bones": [
				{
					"name": "Dino",
					"pivot": [0, 0, 0],
					"rotation": [0, 90, 0]
				},
				{
					"name": "head",
					"parent": "Dino",
					"pivot": [10.92377, 23.31033, 0.5],
					"cubes": [
						{"origin": [3.9776, 26.38681, -2], "size": [5, 5, 5], "inflate": -0.85, "pivot": [5.9776, 22.38681, 0.5], "rotation": [0, 0, 87.5], "uv": [0, 25]},
						{"origin": [4.2276, 24.13681, -2], "size": [4, 5, 5], "inflate": -0.6, "pivot": [5.9776, 22.13681, 0.5], "rotation": [0, 0, 87.5], "uv": [30, 11]},
						{"origin": [2.9776, 19.13681, -2], "size": [5, 6, 5], "inflate": -0.35, "pivot": [5.9776, 22.13681, 0.5], "rotation": [0, 0, 87.5], "uv": [0, 13]}
					]
				},
				{
					"name": "body",
					"parent": "Dino",
					"pivot": [-0.75, 10.75, 0.5]
				},
				{
					"name": "legs",
					"parent": "body",
					"pivot": [0, 0, 0]
				},
				{
					"name": "right_leg",
					"parent": "legs",
					"pivot": [0, 0, -7]
				},
				{
					"name": "Upperleg2",
					"parent": "right_leg",
					"pivot": [1.42983, 8.34074, -2.75],
					"cubes": [
						{"origin": [-1.56826, 6.30298, -7.5], "size": [3, 2, 4], "pivot": [0.18174, 6.80298, -3], "rotation": [-90, 0, 0], "uv": [16, 11]},
						{"origin": [-3.06826, 4.55298, -4.5], "size": [4, 6, 3], "inflate": -0.25, "uv": [35, 21]}
					]
				},
				{
					"name": "Leglower4",
					"parent": "Upperleg2",
					"pivot": [-0.06826, 0.05298, -7],
					"cubes": [
						{"origin": [-1.56826, 0.55298, -3.25], "size": [2, 5, 2], "uv": [12, 35]},
						{"origin": [-3.31826, 0.05298, -2], "size": [7, 1, 1], "uv": [18, 44]},
						{"origin": [-0.31826, 0.05298, -3.25], "size": [4, 1, 1], "uv": [20, 17]}
					]
				},
				{
					"name": "Kneecap2",
					"parent": "Leglower4",
					"pivot": [0.18174, 4.80298, -2.5],
					"cubes": [
						{"origin": [-0.81826, 3.80298, -4], "size": [2, 2, 3], "pivot": [0.18174, 4.80298, -2.5], "rotation": [0, 0, -17.5], "uv": [15, 0]}
					]
				},
				{
					"name": "left_leg",
					"parent": "legs",
					"pivot": [0, 0, 0]
				},
				{
					"name": "Legupper2",
					"parent": "left_leg",
					"pivot": [0.25, 6.75, 3],
					"cubes": [
						{"origin": [-3, 4.5, 2.5], "size": [4, 6, 3], "inflate": -0.25, "uv": [36, 30]},
						{"origin": [-1.5, 6.25, -1.5], "size": [3, 2, 4], "pivot": [0.25, 6.75, 3], "rotation": [-90, 0, 0], "uv": [8, 43]}
					]
				},
				{
					"name": "Leglower3",
					"parent": "Legupper2",
					"pivot": [0, 0, -0.5],
					"cubes": [
						{"origin": [-1.5, 0.5, 2.25], "size": [2, 5, 2], "uv": [22, 46]},
						{"origin": [-3.25, 0, 2], "size": [7, 1, 1], "uv": [45, 39]},
						{"origin": [-0.25, 0, 3.25], "size": [4, 1, 1], "uv": [48, 16]}
					]
				},
				{
					"name": "kneecap",
					"parent": "Leglower3",
					"pivot": [0.25, 4.75, 3.5],
					"cubes": [
						{"origin": [-0.75, 3.75, 2], "size": [2, 2, 3], "pivot": [0.25, 4.75, 3.5], "rotation": [0, 0, -17.5], "uv": [46, 18]}
					]
				},
				{
					"name": "arms",
					"parent": "body",
					"pivot": [0, 0, 0]
				},
				{
					"name": "left_arm",
					"parent": "arms",
					"pivot": [9.23862, 17.03766, 2]
				},
				{
					"name": "upper_left_arm",
					"parent": "left_arm",
					"pivot": [6.29961, 15.282, 2.5],
					"cubes": [
						{"origin": [4.54961, 14.532, 2], "size": [3, 1, 1], "inflate": 0.25, "pivot": [6.29961, 15.282, 2.5], "rotation": [0, 0, 27.5], "uv": [26, 13]}
					]
				},
				{
					"name": "middle_left_arm",
					"parent": "left_arm",
					"pivot": [8.8452, 13.675, 2.5],
					"cubes": [
						{"origin": [8.0952, 15.175, 2], "size": [3, 1, 1], "inflate": 0.25, "pivot": [8.8452, 13.675, 2.5], "rotation": [0, 0, -45], "uv": [26, 11]}
					]
				},
				{
					"name": "leftweapon",
					"parent": "middle_left_arm",
					"pivot": [9.23862, 17.03766, 2],
					"cubes": [
						{"origin": [10.58264, 16.24086, 2.5], "size": [4, 1, 0], "inflate": 0.25, "pivot": [10.58264, 17.99086, -1], "rotation": [0, 0, 40], "uv": [30, 23]},
						{"origin": [8.73862, 15.78766, 1.5], "size": [2, 3, 2], "inflate": -0.5, "pivot": [9.73862, 17.28766, 2.5], "rotation": [0, 0, 40], "uv": [0, 47]}
					]
				},
				{
					"name": "right_arm",
					"parent": "arms",
					"pivot": [9.23862, 17.03766, -4]
				},
				{
					"name": "middle_rigt_arm",
					"parent": "right_arm",
					"pivot": [8.8452, 13.675, -1.5],
					"cubes": [
						{"origin": [8.0952, 15.175, -2], "size": [3, 1, 1], "inflate": 0.25, "pivot": [8.8452, 13.675, -1.5], "rotation": [0, 0, -45], "uv": [34, 54]}
					]
				},
				{
					"name": "rightweapon",
					"parent": "middle_rigt_arm",
					"pivot": [10.61568, 16.86833, -1.5],
					"cubes": [
						{"origin": [10.67339, 16.5915, -1.5], "size": [4, 1, 0], "inflate": 0.25, "pivot": [10.67339, 18.3415, -1], "rotation": [0, 0, 40], "uv": [30, 23]},
						{"origin": [8.82937, 16.1383, -2.5], "size": [2, 3, 2], "inflate": -0.5, "pivot": [9.82937, 17.6383, -1.5], "rotation": [0, 0, 40], "uv": [47, 28]}
					]
				},
				{
					"name": "upper_right_arm",
					"parent": "right_arm",
					"pivot": [6.29961, 15.282, -1.5],
					"cubes": [
						{"origin": [4.54961, 14.532, -2], "size": [3, 1, 1], "inflate": 0.25, "pivot": [6.29961, 15.282, -1.5], "rotation": [0, 0, 27.5], "uv": [35, 0]}
					]
				},
				{
					"name": "torso",
					"parent": "body",
					"pivot": [2.75, 14, 0.5]
				},
				{
					"name": "midsection",
					"parent": "torso",
					"pivot": [2.96651, 13.875, 0.5],
					"cubes": [
						{"origin": [3.54961, 9.282, -2], "size": [5, 6, 5], "inflate": -0.1, "pivot": [7.48064, 18.83164, 0.5], "rotation": [0, 0, 30], "uv": [15, 19]}
					]
				},
				{
					"name": "lowerbody",
					"parent": "torso",
					"pivot": [-0.75, 10.75, 0.5],
					"cubes": [
						{"origin": [-2, 7.75, -2], "size": [5, 6, 5], "pivot": [-0.75, 10.75, 0.5], "rotation": [0, 0, 37.5], "uv": [20, 0]}
					]
				},
				{
					"name": "tail_segment_1",
					"parent": "lowerbody",
					"pivot": [-10.25, 7.75, 0.25],
					"cubes": [
						{"origin": [-10.75, 8, -1.5], "size": [4, 10, 4], "pivot": [-10.25, 7.75, 0.25], "rotation": [0, 0, 77.5], "uv": [20, 30]}
					]
				},
				{
					"name": "tail_segment_2",
					"parent": "tail_segment_1",
					"pivot": [-10, 5.75, 0.5],
					"cubes": [
						{"origin": [-12, -0.25, -1], "size": [3, 8, 3], "pivot": [-10, 5.75, 0.5], "rotation": [0, 0, 90], "uv": [36, 39]}
					]
				},
				{
					"name": "tail_segment_3",
					"parent": "tail_segment_2",
					"pivot": [-18.42408, 6.98892, 0.5],
					"cubes": [
						{"origin": [-19.67408, 2.98892, -1], "size": [3, 9, 3], "inflate": -0.75, "pivot": [-18.42408, 6.98892, 0.5], "rotation": [0, 0, 100], "uv": [0, 35]}
					]
				},
				{
					"name": "neck",
					"parent": "torso",
					"pivot": [2.75, 14, 0.5],
					"cubes": [
						{"origin": [0.5, 15.25, -2], "size": [5, 8, 5], "inflate": -0.6, "pivot": [2.75, 14, 0.5], "rotation": [0, 0, 20], "uv": [0, 0]}
					]
				},
				{
					"name": "Tail",
					"parent": "torso",
					"pivot": [-10.25, 7.75, 0.25]
				}
			]
		}
	]
}