{
	"format_version": "1.12.0",
	"minecraft:geometry": [
		{
			"description": {
				"identifier": "geometry.unknown",
				"texture_width": 128,
				"texture_height": 128,
				"visible_bounds_width": 5,
				"visible_bounds_height": 1.5,
				"visible_bounds_offset": [0, 0.25, 0]
			},
			"bones": [
				{
					"name": "phantom",
					"pivot": [0, 0, -8],
					"rotation": [0, 180, 0]
				},
				{
					"name": "front",
					"parent": "phantom",
					"pivot": [0, 0, -8]
				},
				{
					"name": "head",
					"parent": "front",
					"pivot": [0, 0, -8],
					"cubes": [
						{"origin": [-4, -1, -1], "size": [8, 5, 10], "uv": [0, 0]},
						{"origin": [2, 2, 7], "size": [3, 3, 3], "uv": [57, 76]},
						{"origin": [-5, 2, 7], "size": [3, 3, 3], "uv": [0, 76]}
					]
				},
				{
					"name": "spine",
					"parent": "head",
					"pivot": [0, 1.5, -1],
					"cubes": [
						{"origin": [-3, 0, -11], "size": [6, 3, 10], "uv": [0, 36]}
					]
				},
				{
					"name": "leftwing9",
					"parent": "spine",
					"pivot": [2.4, 2.7, -2.975],
					"rotation": [2.5, 0, 0],
					"cubes": [
						{"origin": [2.4, 2.3, -11.4], "size": [1, 1, 9.4], "pivot": [3, 3, -2.5], "rotation": [0, -90, 0], "uv": [0, 65]},
						{"origin": [-0.4, 2.5, 1.4], "size": [8.5, 0.2, 9], "pivot": [-1, 3, -2.5], "rotation": [0, 90, 0], "uv": [0, 26]}
					]
				},
				{
					"name": "leftwingjoint5",
					"parent": "leftwing9",
					"pivot": [-11, 1, -6.5],
					"cubes": [
						{"origin": [11.05491, 2.2, -3.5594], "size": [1.6, 1.2, 1.4], "pivot": [12.15491, 2.8, -2.9594], "rotation": [0, 90, 0], "uv": [4, 18]}
					]
				},
				{
					"name": "leftwing10",
					"parent": "leftwingjoint5",
					"pivot": [12, 1, -2.5],
					"cubes": [
						{"origin": [-0.4, 2.5, 10.4], "size": [8.5, 0.2, 6.4], "pivot": [-1, 3, -2.5], "rotation": [0, 90, 0], "uv": [0, 58]},
						{"origin": [12.66699, 2.3, -10.25], "size": [1, 1, 8], "pivot": [12.73923, 2.8, -3.14833], "rotation": [0, -90, 0], "uv": [69, 34]}
					]
				},
				{
					"name": "rightwing1",
					"parent": "spine",
					"pivot": [-2.4, 2.7, -2.975],
					"rotation": [2.5, 0, 0],
					"cubes": [
						{"origin": [-3.4, 2.3, -11.4], "size": [1, 1, 9.4], "pivot": [-3, 3, -2.5], "rotation": [0, 90, 0], "uv": [53, 62]},
						{"origin": [-8.1, 2.5, 1.4], "size": [8.5, 0.2, 9], "pivot": [1, 3, -2.5], "rotation": [0, -90, 0], "uv": [0, 16]}
					]
				},
				{
					"name": "rightwingjoint",
					"parent": "rightwing1",
					"pivot": [11, 1, -6.5],
					"cubes": [
						{"origin": [-12.65491, 2.2, -3.5594], "size": [1.6, 1.2, 1.4], "pivot": [-12.15491, 2.8, -2.9594], "rotation": [0, -90, 0], "uv": [0, 16]}
					]
				},
				{
					"name": "rightwing2",
					"parent": "rightwingjoint",
					"pivot": [-12, 1, -2.5],
					"cubes": [
						{"origin": [-8.1, 2.5, 10.4], "size": [8.5, 0.2, 6.4], "pivot": [1, 3, -2.5], "rotation": [0, -90, 0], "uv": [54, 21]},
						{"origin": [-13.66699, 2.3, -10.25], "size": [1, 1, 8], "pivot": [-12.73923, 2.8, -3.14833], "rotation": [0, 90, 0], "uv": [65, 60]}
					]
				},
				{
					"name": "spine2",
					"parent": "spine",
					"pivot": [0, 3, -11],
					"cubes": [
						{"origin": [-2.5, 0, -21], "size": [4.8, 3, 10], "uv": [27, 6]}
					]
				},
				{
					"name": "leftwing2",
					"parent": "spine2",
					"pivot": [2.6, 1.9, -11.975],
					"rotation": [2, 0, 0],
					"cubes": [
						{"origin": [1.4, 1.5, -18.4], "size": [1, 1, 7.4], "pivot": [2, 2.2, -11.5], "rotation": [0, -90, 0], "uv": [67, 70]},
						{"origin": [-1.4, 1.7, -7.6], "size": [8.5, 0.2, 7.1], "pivot": [-2, 2.2, -11.5], "rotation": [0, 90, 0], "uv": [49, 45]}
					]
				},
				{
					"name": "rightwingjoint5",
					"parent": "leftwing2",
					"pivot": [12, 0.2, -15.5],
					"cubes": [
						{"origin": [10.05491, 1.4, -14.5594], "size": [1.6, 1.2, 1.4], "pivot": [11.15491, 2, -11.9594], "rotation": [0, 90, 0], "uv": [5, 6]}
					]
				},
				{
					"name": "rightwing11",
					"parent": "rightwingjoint5",
					"pivot": [10, 2.2, -11.5],
					"cubes": [
						{"origin": [-1.4, 1.7, -0.6], "size": [8.5, 0.2, 6.4], "pivot": [-2, 2.2, -11.5], "rotation": [0, 90, 0], "uv": [54, 14]},
						{"origin": [11.66699, 1.5, -16.25], "size": [1, 1, 7], "pivot": [11.73923, 2, -12.14833], "rotation": [0, -90, 0], "uv": [31, 70]}
					]
				},
				{
					"name": "rightwing3",
					"parent": "spine2",
					"pivot": [-2.4, 1.9, -11.975],
					"rotation": [2, 0, 0],
					"cubes": [
						{"origin": [-2.4, 1.5, -18.4], "size": [1, 1, 7.4], "pivot": [-2, 2.2, -11.5], "rotation": [0, 90, 0], "uv": [14, 70]},
						{"origin": [-7.1, 1.7, -7.6], "size": [8.5, 0.2, 7.1], "pivot": [2, 2.2, -11.5], "rotation": [0, -90, 0], "uv": [46, 34]}
					]
				},
				{
					"name": "rightwingjoint2",
					"parent": "rightwing3",
					"pivot": [12, 0.2, -15.5],
					"cubes": [
						{"origin": [-11.65491, 1.4, -14.5594], "size": [1.6, 1.2, 1.4], "pivot": [-11.15491, 2, -11.9594], "rotation": [0, -90, 0], "uv": [0, 6]}
					]
				},
				{
					"name": "rightwing4",
					"parent": "rightwingjoint2",
					"pivot": [-9, 0.2, -11.5],
					"cubes": [
						{"origin": [-7.1, 1.7, -0.6], "size": [8.5, 0.2, 6.4], "pivot": [2, 2.2, -11.5], "rotation": [0, -90, 0], "uv": [51, 53]},
						{"origin": [-12.66699, 1.5, -16.25], "size": [1, 1, 7], "pivot": [-11.73923, 2, -12.14833], "rotation": [0, 90, 0], "uv": [32, 59]}
					]
				},
				{
					"name": "spine3",
					"parent": "spine2",
					"pivot": [0, 2, -20],
					"cubes": [
						{"origin": [-2, 0, -32], "size": [3.7, 2, 11], "uv": [38, 20]}
					]
				},
				{
					"name": "rightwing9",
					"parent": "spine3",
					"pivot": [1.6, 1.2, -21.275],
					"rotation": [2, 0, 0],
					"cubes": [
						{"origin": [0.4, 0.8, -26.7], "size": [1, 1, 6.4], "pivot": [1, 1.5, -20.8], "rotation": [0, -90, 0], "uv": [42, 73]},
						{"origin": [-2.4, 1, -16.9], "size": [10.5, 0.2, 6.3], "pivot": [-3, 1.5, -20.8], "rotation": [0, 90, 0], "uv": [46, 7]}
					]
				},
				{
					"name": "rightwingjoint6",
					"parent": "rightwing9",
					"pivot": [13, -0.5, -24.8],
					"cubes": [
						{"origin": [9.05491, 0.7, -24.8594], "size": [1.6, 1.2, 1.4], "pivot": [10.15491, 1.3, -21.2594], "rotation": [0, 90, 0], "uv": [5, 3]}
					]
				},
				{
					"name": "rightwing10",
					"parent": "rightwingjoint6",
					"pivot": [7, -0.5, -20.8],
					"cubes": [
						{"origin": [-2.4, 1, -10.6], "size": [10.5, 0.2, 5.4], "pivot": [-3, 1.5, -20.8], "rotation": [0, 90, 0], "uv": [26, 53]},
						{"origin": [10.66699, 0.8, -24.35], "size": [1, 1, 5.8], "pivot": [10.73923, 1.3, -21.44833], "rotation": [0, -90, 0], "uv": [73, 44]}
					]
				},
				{
					"name": "rightwing5",
					"parent": "spine3",
					"pivot": [-3.4, 1.2, -21.275],
					"rotation": [2, 0, 0],
					"cubes": [
						{"origin": [-2.4, 0.8, -26.7], "size": [1, 1, 6.4], "pivot": [-2, 1.5, -20.8], "rotation": [0, 90, 0], "uv": [73, 1]},
						{"origin": [-9.1, 1, -16.9], "size": [10.5, 0.2, 6.3], "pivot": [2, 1.5, -20.8], "rotation": [0, -90, 0], "uv": [46, 0]}
					]
				},
				{
					"name": "rightwingjoint3",
					"parent": "rightwing5",
					"pivot": [12, -0.5, -24.8],
					"cubes": [
						{"origin": [-11.65491, 0.7, -24.8594], "size": [1.6, 1.2, 1.4], "pivot": [-11.15491, 1.3, -21.2594], "rotation": [0, -90, 0], "uv": [5, 0]}
					]
				},
				{
					"name": "rightwing6",
					"parent": "rightwingjoint3",
					"pivot": [-8, -0.5, -20.8],
					"cubes": [
						{"origin": [-9.1, 1, -10.6], "size": [10.5, 0.2, 5.4], "pivot": [2, 1.5, -20.8], "rotation": [0, -90, 0], "uv": [0, 52]},
						{"origin": [-12.66699, 0.8, -24.35], "size": [1, 1, 5.8], "pivot": [-11.73923, 1.3, -21.44833], "rotation": [0, 90, 0], "uv": [24, 70]}
					]
				},
				{
					"name": "spine4",
					"parent": "spine3",
					"pivot": [2, 1, -30],
					"cubes": [
						{"origin": [-0.8, 0, -45], "size": [1.2, 1, 13], "uv": [22, 23]}
					]
				},
				{
					"name": "rightwing8",
					"parent": "spine4",
					"pivot": [2.6, 1.2, -31.275],
					"rotation": [2, 0, 0],
					"cubes": [
						{"origin": [-10.60726, 0.78413, -28.7], "size": [1, 1, 9], "pivot": [1, 1.5, -20.8], "rotation": [0, -90, 0], "uv": [41, 60]},
						{"origin": [8.60726, 0.98413, -17.4], "size": [10.5, 0.2, 6.8], "pivot": [-3, 1.5, -20.8], "rotation": [0, 90, 0], "uv": [23, 45]},
						{"origin": [20.06217, 0.68413, -23.8594], "size": [1.6, 1.2, 1.4], "pivot": [10.15491, 1.3, -21.2594], "rotation": [0, 90, 0], "uv": [0, 3]}
					]
				},
				{
					"name": "rightwing7",
					"parent": "spine4",
					"pivot": [-2.4, 1.2, -32.275],
					"rotation": [2, 0, 0],
					"cubes": [
						{"origin": [9.60726, 0.78413, -28.7], "size": [1, 1, 9], "pivot": [-1, 1.5, -20.8], "rotation": [0, 90, 0], "uv": [20, 59]},
						{"origin": [-19.10726, 0.98413, -17], "size": [10.5, 0.2, 6.4], "pivot": [3, 1.5, -20.8], "rotation": [0, -90, 0], "uv": [19, 38]},
						{"origin": [-21.66217, 0.68413, -23.8594], "size": [1.6, 1.2, 1.4], "pivot": [-10.15491, 1.3, -21.2594], "rotation": [0, -90, 0], "uv": [0, 0]}
					]
				}
			]
		}
	]
}