{
  "credit": "Made with Blockbench",
  "parent": "builtin/entity",
  "texture_size": [
    64,
    64
  ],
  "display": {
    "thirdperson_righthand": {
      "translation": [
        0,
        -0.75,
        3.5
      ],
      "scale": [
        0.6,
        0.6,
        0.6
      ]
    },
    "thirdperson_lefthand": {
      "translation": [
        0,
        -0.75,
        3.5
      ],
      "scale": [
        0.6,
        0.6,
        0.6
      ]
    },
    "firstperson_righthand": {
      "rotation": [
        -34,
        -21,
        -11
      ],
      "translation": [
        2.25,
        -4,
        0
      ],
      "scale": [
        0.85,
        0.85,
        0.85
      ]
    },
    "firstperson_lefthand": {
      "rotation": [
        -34,
        -21,
        -11
      ],
      "translation": [
        2.25,
        -4,
        0
      ],
      "scale": [
        0.85,
        0.85,
        0.85
      ]
    },
    "ground": {
      "translation": [
        0,
        -1.25,
        0
      ],
      "scale": [
        0.6,
        0.6,
        0.6
      ]
    },
    "gui": {
      "rotation": [
        13,
        65,
        -37
      ],
      "translation": [
        -1.75,
        -6.75,
        0
      ],
      "scale": [
        0.9,
        0.9,
        0.9
      ]
    },
    "head": {
      "rotation": [
        90,
        0,
        0
      ],
      "translation": [
        0,
        4.5,
        -8.25
      ]
    },
    "fixed": {
      "rotation": [
        0,
        -90,
        0
      ],
      "translation": [
        0,
        -6.75,
        -1
      ],
      "scale": [
        0.85,
        0.85,
        0.85
      ]
    }
  }
}