{
  "name": "item.arsomega.spell_sigil_scald",
  "icon": "arsomega:spell_sigil_scald",
  "category": "arsomega:spell_sigils",
  "pages": [
    {
      "type": "patchouli:spotlight",
      "item": "arsomega:spell_sigil_scald",
      "text": "The Spell Sigil of Scald will scald all nearby targets, excluding the caster. They will take severe fire damage, and gain the burned status effect."
    },
    {
      "type": "text",
      "text": "Casting Shape: $(br) - x x x x x - $(br) x x - - - x x $(br) x - x - x - x $(br) x - - S - - x $(br) x - x - x - x $(br) x x - - - x x $(br) - x x x x x - $(br) $(br)Mana cost: 0"
    },
    {
      "type": "patchouli:crafting",
      "recipe": "arsomega:spell_sigil_scald"
    }
  ]
}