{
  "name": "Infinity Crystal",
  "icon": "arsomega:infinity_crystal",
  "category": "arsomega:arcane_phenomena",
  "pages": [
    {
      "type": "text",
      "text": "Some locations in the world have strong concentrations of ambient source. These slowly start to condence into a crystal. These crystals function similarly to a source jar, but cannot be moved, and continually extract more source from the environment."
    },
    {
      "type": "spotlight",
      "item": "arsomega:infinity_crystal",
      "text": "Wizards often build their homes around infinity crystals, recognizing their potential for cheap automation."
    }
  ]
}