{
  "variants": {
    "age=0": { "model": "arsomega:block/arcane_bloom_1" },
    "age=1": { "model": "arsomega:block/arcane_bloom_2" },
    "age=2": { "model": "arsomega:block/arcane_bloom_2" },
    "age=3": { "model": "arsomega:block/arcane_bloom_2" },
    "age=4": { "model": "arsomega:block/arcane_bloom_3" },
    "age=5": { "model": "arsomega:block/arcane_bloom_3" },
    "age=6": { "model": "arsomega:block/arcane_bloom_3" },
    "age=7": { "model": "arsomega:block/arcane_bloom_4" }
  }
}