{
  "name": "Proactive Enchantment",
  "category": "arsomega:arcane_equipment",
  "icon": "minecraft:enchanted_book",
  "pages": [
    {
      "type": "text",
      "text": "The proactive enchantment is the sister enchantment to reactive. While it's more expensive to enchant an item, it serves a similar purpose: it casts spells when right-clicking with an item. "
    },
    {
      "recipe": "arsomega:proactive_1",
      "type": "ars_nouveau:enchanting_recipe"
    },
    {
      "recipe": "ars_nouveau:proactive_2",
      "type": "ars_nouveau:enchanting_recipe"
    },
    {
      "recipe": "ars_nouveau:proactive_3",
      "type": "ars_nouveau:enchanting_recipe"
    },
    {
      "recipe": "ars_nouveau:proactive_4",
      "type": "ars_nouveau:enchanting_recipe"
    },
    {
      "type": "text",
      "text": "To change the spell on a proactive item, you need both a spell parchment and a source gem."
    },
    {
      "recipe": "arsomega:proactive_write",
      "type": "apparatus_recipe"
    }
  ]
}