{
  "depth": 0.128,
  "scale": 0.1,
  "temperature": 0.8,
  "downfall": 0,
  "precipitation": "none",
  "category": "nether",
  "effects": {
    "mood_sound": {
      "sound": "minecraft:ambient.cave",
      "tick_delay": 6000,
      "block_search_extent": 8,
      "offset": 2.0
    },
    "sky_color": 16711680,
    "foliage_color": 16711680,
    "grass_color": 9470285,
    "fog_color": 12638463,
    "water_color": 4159204,
    "water_fog_color": 329011
  },
  "carvers": {
    "air": []
  },
  "features": [
    [],
    [],
    [],
    [],
    [],
    [],
    ["arsomega:demonic_ore","arsomega:demonic_rift"],
    [],
    [],
    []
  ],
  "starts": [],
  "spawners": {
    "monster": [
      {
        "type": "arsomega:demon_basic",
        "weight": 10,
        "minCount": 1,
        "maxCount": 2
      },
      {
        "type": "arsomega:demon_strong",
        "weight": 5,
        "minCount": 1,
        "maxCount": 1
      },
      {
        "type": "arsomega:demon_raptor",
        "weight": 5,
        "minCount": 2,
        "maxCount": 3
      }
    ],
    "ambient": [
      {
        "type": "arsomega:demon_ray",
        "weight": 5,
        "minCount": 2,
        "maxCount": 3
      }
    ]
  },
  "spawn_costs": {}
}