{
  "name": "item.arsomega.sigil_life",
  "icon": "arsomega:sigil_life_active",
  "category": "arsomega:sigils",
  "pages": [
    {
      "type": "patchouli:spotlight",
      "item": "arsomega:sigil_life",
      "text": "The Sigil of Life represents the element of life.",
      "link_recipe": "true"
    },
    {
      "type": "text",
      "text": "Recipe: $(br) x x x - x x x $(br) x - x x x - x $(br) x - - - - - x $(br) x - - B - - x $(br) x x - - - x x $(br) - x x - x x - $(br) - - x x x - - $(br) $(br)Source cost: 500"
    },
    {
      "type": "text",
      "text": "The Sigil of Life can be activated with life essence."
    },
    {
      "type": "patchouli:crafting",
      "recipe": "arsomega:sigil_life_active"
    }
  ]
}