{
  "name": "item.arsomega.sigil_water",
  "icon": "arsomega:sigil_water_active",
  "category": "arsomega:sigils",
  "pages": [
    {
      "type": "patchouli:spotlight",
      "item": "arsomega:sigil_water",
      "text": "The Sigil of Water represents the element of water.",
      "link_recipe": "true"
    },
    {
      "type": "text",
      "text": "Recipe: $(br) - x x x x x - $(br) x x - x - x x $(br) x - - x - - x $(br) x x x B x x x $(br) x - - x - - x $(br) x x - x - x x $(br) - x x x x x - $(br) $(br)Source cost: 500"
    },
    {
      "type": "text",
      "text": "The Sigil of Water can be activated with water essence."
    },
    {
      "type": "patchouli:crafting",
      "recipe": "arsomega:sigil_water_active"
    }
  ]
}