{
  "name": "Demonic Gem",
  "icon": "arsomega:demonic_gem",
  "category": "arsomega:demon_realm",
  "pages": [
    {
      "type": "text",
      "text": "Demonic gems are a crafting ingredient used in various high-tier recipes. They are an ore found in the demon realm."
    },
    {
      "type": "spotlight",
      "item": "arsomega:demonic_gem",
      "link_recipe": "true"
    },
    {
      "type": "spotlight",
      "item": "arsomega:demonic_ore"
    },
    {
      "type": "relations",
      "entries":["arsomega:demon_realm/demonic_realm"]
    }
  ]
}