{
  "name": "Getting Started",
  "icon": "minecraft:magma_block",
  "category": "arsomega:demon_realm",
  "priority":true,
  "pages": [
    {
      "type": "text",
      "text": "The Demon Realm is surprisingly difficult to access. Without a portal opened at both ends, the only hope is with a ritual of banishment. Rather unfortunately, this requires already obtaining searing flesh, which only drops from demons. The first step is therefore to perform a ritual of demonic summoning."
    },
    {
      "type": "relations",
      "entries":["arsomega:rituals/ritual_demonic_summoning","arsomega:rituals/ritual_banishment","arsomega:demon_realm/demonic_realm"]
    }
  ]
}