{
  "name": "block.arsomega.enchanters_wool",
  "icon": "arsomega:enchanters_wool",
  "category": "arsomega:arcane_equipment",
  "pages": [
    {
      "type": "text",
      "text": "Enchanter's Wool is a special kind of wool that has been treated with a variety of powerful spells. Enchanter's wool excells at repelling magic, and can be used to create powerful defensive armor."
    },
    {
      "type": "text",
      "text": "Enchanter's wool is made in a multi-step process of infusing the rope. And no, it's not magic spaghetti."
    },
    {
      "type": "spotlight",
      "item": "arsomega:enchanters_wool",
      "link_recipe": "true"
    },
    {
      "type": "apparatus_recipe",
      "recipe": "arsomega:enchanters_wool"
    },
    {
      "type": "crafting",
      "recipe": "arsomega:rope",
      "recipe2": "arsomega:magic_rope"
    },
    {
      "type": "crafting",
      "recipe": "arsomega:enchanted_rope"
    }

  ]
}