{
  "name": "Arcane Spellbook and Staff",
  "icon": "arsomega:arcane_book",
  "category": "arsomega:arcane_equipment",
  "pages": [
    {
      "type": "text",
      "text": "The Arcane spellbook allows a mage to reach the theoretical limit of powerful spells. However, it requires many elusive items, and few have ever achieved one."
    },
    {
      "type": "crafting",
      "recipe": "arsomega:arcane_book_upgrade"
    },
    {
      "type": "text",
      "text": "The Arcane staff is the most powerful staff, adding incredible power to most spells."
    },
    {
      "type": "apparatus_recipe",
      "recipe": "arsomega:arcane_staff"
    }
  ]
}