{
  "type": "minecraft:crafting_shapeless",
  "ingredients": [
    {
      "item": "minecraft:smooth_stone"
    },
    {
      "item": "minecraft:coal_block"
    },
    {
      "item": "ars_nouveau:source_gem_block"
    },
    {
      "item": "minecraft:gold_ingot"
    },
    {
      "item": "minecraft:ender_eye"
    },
    {
      "item": "minecraft:obsidian"
    },
    {
      "item": "minecraft:emerald"
    }
  ],
  "result": {
    "item": "arsomega:alchemical_stone",
    "count": 8
  }
}