{
  "type": "ars_nouveau:imbuement",
  "input": {
    "tag": "forge:gems/source"
  },
  "output": "arsomega:alchemy_essence",
  "count": 1,
  "source": 2000,
  "pedestalItems": [
    {
      "item": {
        "item": "minecraft:gold_ingot"
      }
    },
    {
      "item": {
        "item": "minecraft:iron_ingot"
      }
    },
    {
      "item": {
        "item": "minecraft:copper_ingot"
      }
    },
    {
      "item": {
        "item": "minecraft:sugar"
      }
    }
  ]
}