{
  "type": "ars_nouveau:enchanting_apparatus",
  "reagent": [
    {
      "item": "arsomega:archmage_staff"
    }
  ],
  "pedestalItems": [
    {
      "item": {
        "item": "ars_nouveau:source_gem_block"
      }
    },
    {
      "item": {
        "item":  "minecraft:nether_star"
      }
    },
    {
      "item": {
        "tag": "arsomega:tier_4_essence"
      }
    },
    {
      "item": {
        "tag": "arsomega:tier_4_ingredient"
      }
    },
    {
      "item": {
        "item": "minecraft:netherite_ingot"
      }
    },
    {
      "item": {
        "item": "minecraft:netherite_ingot"
      }
    },
    {
      "item": {
        "item": "ars_nouveau:glyph_advanced_amplify"
      }
    },
    {
      "item": {
        "item": "ars_nouveau:glyph_advanced_amplify"
      }
    }
  ],
  "output": {
    "item": "arsomega:arcane_staff"
  },
  "sourceCost": 10000
}