{
  "type": "ars_nouveau:enchanting_apparatus",
  "reagent": [
    {
      "item": "ars_nouveau:magebloom_crop"
    }
  ],
  "pedestalItems": [
    {
      "item": {
        "item": "ars_nouveau:end_fiber"
      }
    },
    {
      "item": {
        "item": "ars_nouveau:end_fiber"
      }
    },
    {
      "item": {
        "item": "ars_nouveau:end_fiber"
      }
    },
    {
      "item": {
        "item": "ars_nouveau:end_fiber"
      }
    },
    {
      "item": {
        "item": "ars_nouveau:magebloom"
      }
    },
    {
      "item": {
        "item": "ars_nouveau:magebloom"
      }
    },
    {
      "item": {
        "item": "ars_nouveau:magebloom"
      }
    },
    {
      "item": {
        "item": "ars_nouveau:source_gem_block"
      }
    }
  ],
  "output": {
    "item": "arsomega:arcane_bloom_crop"
  },
  "sourceCost": 500
}