{
  "type": "ars_nouveau:enchanting_apparatus",
  "reagent": [
    {
      "item": "arsomega:staff"
    }
  ],
  "pedestalItems": [
    {
      "item": {
        "item": "ars_nouveau:source_gem_block"
      }
    },
    {
      "item": {
        "item":  "ars_nouveau:wilden_tribute"
      }
    },
    {
      "item": {
        "item":  "ars_nouveau:abjuration_essence"
      }
    },
    {
      "item": {
        "tag": "forge:logs/archwood"
      }
    },
    {
      "item": {
        "tag": "forge:logs/archwood"
      }
    },
    {
      "item": {
        "tag": "forge:storage_blocks/gold"
      }
    },
    {
      "item": {
        "tag": "forge:storage_blocks/gold"
      }
    },
    {
      "item": {
        "item": "ars_nouveau:glyph_amplify"
      }
    },
    {
      "item": {
        "item": "ars_nouveau:glyph_amplify"
      }
    }
  ],
  "output": {
    "item": "arsomega:archmage_staff"
  },
  "sourceCost": 5000
}