{
  "type": "ars_nouveau:enchanting_apparatus",
  "reagent": [
    {
      "item": "ars_nouveau:summon_focus"
    }
  ],
  "pedestalItems": [
    {
      "item": {
        "tag": "forge:storage_blocks/gold"
      }
    },
    {
      "item": {
        "tag": "forge:storage_blocks/iron"
      }
    },
    {
      "item": {
        "tag": "forge:storage_blocks/copper"
      }
    },
    {
      "item": {
        "tag": "forge:storage_blocks/gold"
      }
    },
    {
      "item": {
        "tag": "forge:storage_blocks/iron"
      }
    },
    {
      "item": {
        "tag": "forge:storage_blocks/copper"
      }
    },
    {
      "item": {
        "item": "ars_nouveau:source_gem_block"
      }
    },
    {
      "item": {
        "item": "ars_nouveau:source_gem_block"
      }
    }
  ],
  "output": {
    "item": "arsomega:focus_of_alchemy"
  },
  "sourceCost": 2000
}