{
  "type": "ars_nouveau:enchanting_apparatus",
  "reagent": [
    {
      "item": "ars_nouveau:summon_focus"
    }
  ],
  "pedestalItems": [
    {
      "item": {
        "item": "ars_nouveau:source_gem_block"
      }
    },
    {
      "item": {
        "item": "ars_nouveau:source_gem_block"
      }
    },
    {
      "item": {
        "item": "ars_nouveau:source_gem_block"
      }
    },
    {
      "item": {
        "tag": "forge:storage_blocks/gold"
      }
    },
    {
      "item": {
        "tag": "forge:storage_blocks/gold"
      }
    },
    {
      "item": {
        "tag": "forge:storage_blocks/gold"
      }
    },
    {
      "item": {
        "tag": "forge:storage_blocks/diamond"
      }
    },
    {
      "item": {
        "tag": "forge:storage_blocks/diamond"
      }
    }
  ],
  "output": {
    "item": "arsomega:focus_of_regen"
  },
  "sourceCost": 2000
}