{
  "type": "ars_nouveau:imbuement",
  "input": {
    "item": "minecraft:diamond"
  },
  "output": "arsomega:infused_diamond",
  "count": 1,
  "source": 2000,
  "pedestalItems": [
    {
      "item": {
        "item": "minecraft:amethyst_shard"
      }
    },
    {
      "item": {
        "item": "minecraft:prismarine_shard"
      }
    },
    {
      "item": {
        "item": "minecraft:blaze_rod"
      }
    },
    {
      "item": {
        "item": "minecraft:emerald_block"
      }
    }
  ]
}