{
  "type": "ars_nouveau:imbuement",
  "input": {
    "tag": "forge:gems/source"
  },
  "output": "arsomega:nature_essence",
  "count": 1,
  "source": 2000,
  "pedestalItems": [
    {
      "item": {
        "item": "ars_nouveau:wilden_spike"
      }
    },
    {
      "item": {
        "item": "minecraft:snow_block"
      }
    },
    {
      "item": {
        "item": "minecraft:bamboo"
      }
    },
    {
      "item": {
        "item": "minecraft:tropical_fish"
      }
    },
    {
      "item": {
        "item": "minecraft:sugar_cane"
      }
    }
  ]
}