{
  "type": "ars_nouveau:enchanting_apparatus",
  "reagent": [
    {
      "item": "ars_nouveau:potion_jar"
    }
  ],
  "pedestalItems": [
    {
      "item": {
        "item": "ars_nouveau:glyph_advanced_amplify"
      }
    },
    {
      "item": {
        "item": "ars_nouveau:glyph_advanced_amplify"
      }
    },
    {
      "item": {
        "tag": "forge:storage_blocks/gold"
      }
    },
    {
      "item": {
        "tag": "forge:storage_blocks/gold"
      }
    },
    {
      "item": {
        "item": "minecraft:enchanted_golden_apple"
      }
    },
    {
      "item": {
        "tag": "arsomega:tier_4_ingredient"
      }
    },
    {
      "item": {
        "tag": "arsomega:tier_4_ingredient"
      }
    },
    {
      "item": {
        "tag": "arsomega:tier_4_ingredient"
      }
    }
  ],
  "output": {
    "item": "arsomega:potion_amplifier"
  },
  "sourceCost": 5000
}