{
  "type": "ars_nouveau:enchanting_apparatus",
  "reagent": [
    {
      "item": "ars_nouveau:potion_jar"
    }
  ],
  "pedestalItems": [
    {
      "item": {
        "item": "minecraft:clock"
      }
    },
    {
      "item": {
        "item": "minecraft:clock"
      }
    },
    {
      "item": {
        "item": "ars_nouveau:manipulation_essence"
      }
    },
    {
      "item": {
        "tag": "forge:storage_blocks/gold"
      }
    },
    {
      "item": {
        "tag": "forge:storage_blocks/gold"
      }
    },
    {
      "item": {
        "item": "minecraft:blaze_rod"
      }
    },
    {
      "item": {
        "item": "minecraft:blaze_rod"
      }
    },
    {
      "item": {
        "item": "minecraft:blaze_rod"
      }
    },
    {
      "item": {
        "item": "minecraft:blaze_rod"
      }
    }
  ],
  "output": {
    "item": "arsomega:potion_extender"
  },
  "sourceCost": 2000
}