{
  "type": "arsomega:proactive_enchant",
  "sourceCost": 5000,
  "pedestalItems": [
    {
      "item": {
        "item": "ars_nouveau:spell_parchment"
      }
    },
    {
      "item": {
        "item": "minecraft:diamond_block"
      }
    },
    {
      "item": {
        "item": "ars_nouveau:source_gem_block"
      }
    },
    {
      "item": {
        "item": "ars_nouveau:source_gem_block"
      }
    },
    {
      "item": {
        "item": "arsomega:reflective_coating"
      }
    }
  ]
}