{
  "type": "ars_nouveau:enchantment",
  "enchantment": "arsomega:proactive",
  "level": 2,
  "sourceCost": 5000,
  "pedestalItems": [
    {
      "item": {
        "item": "arsomega:infused_diamond_block"
      }
    },
    {
      "item": {
        "item": "arsomega:enchanted_mirror_shard"
      }
    },
    {
      "item": {
        "item": "minecraft:blaze_rod"
      }
    },
    {
      "item": {
        "item": "minecraft:blaze_rod"
      }
    },
    {
      "item": {
        "item": "minecraft:blaze_rod"
      }
    },
    {
      "item": {
        "item": "arsomega:nature_essence"
      }
    },
    {
      "item": {
        "item": "arsomega:life_essence"
      }
    },
    {
      "item": {
        "item": "arsomega:alchemy_essence"
      }
    }
  ]
}