{
  "type": "ars_nouveau:enchanting_apparatus",
  "reagent": [
    {
      "item": "ars_nouveau:ring_of_greater_discount"
    }
  ],
  "pedestalItems": [
    {
      "item": {
        "item": "arsomega:arcane_diamond"
      }
    },
    {
      "item": {
        "item": "minecraft:ender_eye"
      }
    },
    {
      "item": {
        "item": "minecraft:ender_eye"
      }
    },
    {
      "item": {
        "item": "arsomega:enchanted_diamond_block"
      }
    },
    {
      "item": {
        "item": "minecraft:honeycomb_block"
      }
    },
    {
      "item": {
        "item": "minecraft:honeycomb_block"
      }
    },
    {
      "item": {
        "item": "ars_nouveau:source_gem_block"
      }
    },
    {
      "item": {
        "item": "ars_nouveau:source_gem_block"
      }
    }
  ],
  "output": {
    "item": "arsomega:ring_arcane_discount"
  },
  "sourceCost": 2000
}