{
  "type": "ars_nouveau:enchanting_apparatus",
  "reagent": [
    {
      "item": "ars_nouveau:ring_of_potential"
    }
  ],
  "pedestalItems": [
    {
      "item": {
        "tag": "forge:gems/diamond"
      }
    },
    {
      "item": {
        "tag": "forge:gems/diamond"
      }
    },
    {
      "item": {
        "tag": "forge:ingots/gold"
      }
    },
    {
      "item": {
        "tag": "forge:ingots/gold"
      }
    },
    {
      "item": {
        "tag": "forge:gems/source"
      }
    },
    {
      "item": {
        "tag": "forge:gems/source"
      }
    },
    {
      "item": {
        "tag": "forge:gems/source"
      }
    },
    {
      "item": {
        "tag": "forge:gems/source"
      }
    }
  ],
  "output": {
    "item": "arsomega:ring_regen"
  },
  "sourceCost": 0
}