{
  "type": "minecraft:crafting_shapeless",
  "ingredients": [
    {
      "item": "ars_nouveau:blue_archwood_log"
    },
    {
      "item": "ars_nouveau:conjuration_essence"
    },
    {
      "item": "ars_nouveau:conjuration_essence"
    },
    {
      "item": "ars_nouveau:conjuration_essence"
    },
    {
      "item": "ars_nouveau:source_gem"
    },
    {
      "item": "ars_nouveau:source_gem"
    },
    {
      "item": "ars_nouveau:source_gem"
    },
    {
      "item": "minecraft:gold_block"
    },
    {
      "item": "minecraft:milk_bucket"
    }

  ],
  "result": {
    "item": "ars_nouveau:ritual_conjuring"
  }
}