{
  "type": "minecraft:crafting_shapeless",
  "ingredients": [
    {
      "item": "ars_nouveau:red_archwood_log"
    },
    {
      "item": "arsomega:enchanted_diamond"
    },
    {
      "item": "minecraft:clock"
    },
    {
      "item": "minecraft:clock"
    },
    {
      "item": "minecraft:clock"
    },
    {
      "item": "minecraft:redstone_block"
    },
    {
      "item": "minecraft:redstone_block"
    },
    {
      "item": "arsomega:magic_clay_block"
    },
    {
      "item": "ars_nouveau:source_berry"
    }
  ],
  "result": {
    "item": "ars_nouveau:ritual_flowing_time"
  }
}