{
  "type": "minecraft:crafting_shapeless",
  "ingredients": [
    {
      "item": "ars_nouveau:red_archwood_log"
    },
    {
      "item": "minecraft:shulker_shell"
    },
    {
      "item": "minecraft:magma_block"
    },
    {
      "item": "minecraft:magma_block"
    },
    {
      "item": "minecraft:magma_block"
    },
    {
      "item": "minecraft:gold_block"
    },
    {
      "item": "minecraft:gold_block"
    },
    {
      "item": "ars_nouveau:source_gem_block"
    },
    {
      "item": "ars_nouveau:source_gem_block"
    }
  ],
  "result": {
    "item": "ars_nouveau:ritual_demonic_summoning"
  }
}