{
  "type": "minecraft:crafting_shapeless",
  "ingredients": [
    {
      "item": "ars_nouveau:red_archwood_log"
    },
    {
      "item": "arsomega:searing_flesh"
    },
    {
      "item": "arsomega:searing_flesh"
    },
    {
      "item": "arsomega:searing_flesh"
    },
    {
      "item": "arsomega:enchanted_diamond"
    },
    {
      "item": "arsomega:enchanted_diamond"
    },
    {
      "item": "arsomega:enchanted_diamond"
    },
    {
      "item": "ars_nouveau:abjuration_essence"
    },
    {
      "item": "ars_nouveau:glyph_blink"
    }
  ],
  "result": {
    "item": "ars_nouveau:ritual_banishment"
  }
}