{
  "type": "ars_nouveau:enchanting_apparatus",
  "reagent": [
    {
      "item": "ars_nouveau:wand"
    }
  ],
  "pedestalItems": [
    {
      "item": {
        "item": "ars_nouveau:source_gem_block"
      }
    },
    {
      "item": {
        "item":  "ars_nouveau:manipulation_essence"
      }
    },
    {
      "item": {
        "item": "minecraft:diamond_sword"
      }
    },
    {
      "item": {
        "tag": "forge:logs/archwood"
      }
    },
    {
      "item": {
        "tag": "forge:storage_blocks/gold"
      }
    },
    {
      "item": {
        "tag": "forge:ingots/gold"
      }
    },
    {
      "item": {
        "item": "ars_nouveau:glyph_amplify"
      }
    },
    {
      "item": {
        "item": "ars_nouveau:glyph_amplify"
      }
    }
  ],
  "output": {
    "item": "arsomega:staff"
  },
  "sourceCost": 2000
}