{
  "type": "ars_nouveau:enchantment",
  "enchantment": "minecraft:vanishing_curse",
  "level": 1,
  "sourceCost": 3000,
  "pedestalItems": [
    {
      "item": {
        "item": "ars_nouveau:abjuration_essence"
      }
    },
    {
      "item": {
        "item": "ars_nouveau:manipulation_essence"
      }
    },
    {
      "item": {
        "item": "ars_nouveau:manipulation_essence"
      }
    },
    {
      "item": {
        "item": "arsomega:enchanted_demonic_gem"
      }
    },
    {
      "item": {
        "item": "arsomega:enchanted_demonic_gem"
      }
    },
    {
      "item": {
        "item": "minecraft:grindstone"
      }
    },
    {
      "item": {
        "item": "minecraft:lava_bucket"
      }
    },
    {
      "item": {
        "item": "minecraft:fermented_spider_eye"
      }
    }
  ]
}