{
  "name": "item.ars_nouveau.ritual_cleansing",
  "icon": "ars_nouveau:ritual_cleansing",
  "category": "ars_nouveau:rituals",
  "pages": [
    {
      "type": "text",
      "text": "The Ritual of Cleansing will remove almost all potion effects from an entity, even those uncurable by standard means such as the Demonic Curse. While it also cures zombie villagers, the ritual of restoration is a cheaper alternative."
    },
    {
      "type": "crafting",
      "recipe": "arsomega:ritual_cleansing"
    }
  ]
}