{
  "name": "item.ars_nouveau.ritual_open_portal",
  "icon": "ars_nouveau:ritual_open_portal",
  "category": "ars_nouveau:rituals",
  "pages": [
    {
      "type": "text",
      "text": "The Ritual of Open Portal will, using absolutely insane amounts of source, open a portal between realms. Requires the sacrifice of a dimensional crystal with the target dimension saved on it. You can add a warp scroll to change the location it sends you."
    },
    {
      "type": "crafting",
      "recipe": "arsomega:ritual_open_portal"
    },
    {
      "type": "crafting",
      "recipe": "arsomega:dimension_crystal"
    }
  ]
}