{
  "name": "item.ars_nouveau.ritual_change_biome",
  "icon": "ars_nouveau:ritual_change_biome",
  "category": "ars_nouveau:rituals",
  "pages": [
    {
      "type": "text",
      "text": "The Ritual of Change biome will change the biome at a location to the biome in a sacrificed biome crystal. To change between biomes of different dimensions, a demonic gem must be sacrificed."
    },
    {
      "type": "crafting",
      "recipe": "arsomega:ritual_change_biome"
    },
    {
      "type": "crafting",
      "recipe": "arsomega:biome_crystal"
    }
  ]
}