{
  "name": "Advanced Curios",
  "icon": "arsomega:greater_regen_amulet",
  "category": "arsomega:arcane_equipment",
  "pages": [
    {
      "type": "text",
      "text": "Here are the recipes for some upgraded versions of common magic curios, which are slightly more powerful but much more expensive."
    },
    {
      "type": "apparatus_recipe",
      "recipe": "arsomega:greater_regen_amulet"
    },
    {
      "type": "apparatus_recipe",
      "recipe": "arsomega:greater_mana_amulet"
    },
    {
      "type": "apparatus_recipe",
      "recipe": "arsomega:ring_arcane_discount"
    }
  ]
}