{
  "name": "Arcane Compendium",
  "icon": "arsomega:arcane_compendium",
  "category": "arsomega:arcane_equipment",
  "priority":true,
  "pages": [
    {
      "text": "Eventually, you are bound to find some items that this book does not cover. The Arcane Compendium is a book, belonging to The Arcane Library, which catalogues all the information beyond the scope of these notes. Wizards who wish to ascend to the highest possible power level should seek to obtain the compendium. ",
      "type": "patchouli:text"
    },
    {
      "recipe": "arsomega:arcane_compendium",
      "type": "patchouli:crafting"

    }
  ]
}