{
  "name": "Infused Diamonds",
  "icon": "arsomega:infused_diamond",
  "category": "arsomega:arcane_equipment",
  "pages": [
    {
      "type": "text",
      "text": "Infused diamonds are a crafting ingredient made in an imbuement chamber. They can be upgraded to enchanted diamonds in an enchanting appratus, and eventually further upgraded to arcane diamonds."
    },
    {
      "type": "imbuement_recipe",
      "recipe": "arsomega:infused_diamond"
    },
    {
      "type": "apparatus_recipe",
      "recipe": "arsomega:enchanted_diamond"
    },
    {
      "type": "apparatus_recipe",
      "recipe": "arsomega:arcane_diamond"
    }
  ]
}