{
  "name": "item.ars_nouveau.ritual_demonic_summoning",
  "icon": "ars_nouveau:ritual_demonic_summoning",
  "category": "arsomega:rituals",
  "pages": [
    {
      "type": "text",
      "text": "The Ritual of Demonic Summoning will summon lesser demons from the Demon Realm. As this direction of travel is far easier to do for non-banished entites, this ritual can be crafted without materials from the demon realm."
    },
    {
      "type": "crafting",
      "recipe": "arsomega:ritual_demonic_summoning"
    },
    {
      "type": "text",
      "text": "Summoning demons with this ritual allows you to obtain seared flesh, which you can use for further crafting."
    },
    {
      "type": "spotlight",
      "item": "arsomega:searing_flesh",
      "text": "Searing flesh is dropped by most lesser demons from the demon realm. This includes those that can be summoned with a ritual of demonic summoning.",
      "link_recipe": "true"
    }
  ]
}