{
  "name": "Summon Wither",
  "icon": "ars_nouveau:glyph_wither_summon",
  "category": "arsomega:spells_4",
  "sortnum": 3,
  "pages": [
    {
      "type": "text",
      "text": "ars_nouveau.glyph_desc.wither_summon"
    },
    {
      "type": "glyph_recipe",
      "recipe": "ars_nouveau:glyph_wither_summon",
      "tier": "FOUR",
      "mana_cost": "Impossibly High",
      "clay_type": "ars_nouveau:mythical_clay",
      "reagent": "ars_nouveau:glyph_demonic_curse"
    }
  ]
}