{
  "name": "Spell Foci",
  "icon": "arsomega:focus_of_regen",
  "category": "arsomega:arcane_equipment",
  "pages": [
    {
      "type": "text",
      "text": "The focus of mana will greatly increase the maximum mana of the wearer, but decrease their mana regen by some amount too. If the wearer's normal regen is too low, they may find themselves loosing mana, so be sure to use some other equipment too."
    },
    {
      "type": "apparatus_recipe",
      "recipe": "arsomega:focus_mana"
    },
    {
      "type": "text",
      "text": "The focus of regen will greatly increase the mana regen rate of the wearer, but decrease their max mana a bit."
    },
    {
      "type": "apparatus_recipe",
      "recipe": "arsomega:focus_regen"
    },
    {
      "type": "text",
      "text": "The focus of alchemy will buff certain spells from the school of alchemy, such as lead skin, transmute, and diamond. Has a small boost and regen penalty."
    },
    {
      "type": "apparatus_recipe",
      "recipe": "arsomega:focus_of_alchemy"
    }
  ]
}