{
  "name": "Enchanted Diamond Apple",
  "icon": "arsomega:enchanted_diamond_apple",
  "category": "arsomega:arcane_equipment",
  "pages": [
    {
      "type": "spotlight",
      "item": "arsomega:enchanted_diamond_apple",
      "text": "The Enchanted Diamond Apple is an upgrade to the Enchanted Golden apple, further increasing it's power."
    },
    {
      "type": "patchouli:crafting",
      "recipe": "arsomega:enchanted_diamond_apple"
    },
    {
      "type": "spotlight",
      "item": "arsomega:arcane_apple",
      "text": "The Arcane Apple is a further upgrade to the Enchanted Diamond apple, bringing it to a ridiculous power level. "
    },
    {
      "type": "patchouli:crafting",
      "recipe": "arsomega:arcane_apple"
    }
  ]
}