{
  "name": "Hexed Books",
  "icon": "minecraft:hexed_book",
  "category": "arsomega:arcane_equipment",
  "pages": [
    {
      "type": "text",
      "text": "Hexed books are trapped items that activate a spell on the user upon attempting to activate, and are destroyed in the process. A hexed book can be crafted in an enchanting apparatus, and can then be further crafted into a hexed book and quill or written book."
    },
    {
      "type": "apparatus_recipe",
      "recipe": "arsomega:hexed_book"
    }

  ]
}