{
  "name": "Other Essences",
  "icon": "arsomega:nature_essence",
  "category": "ars_nouveau:machines",
  "pages": [
    {
      "text": "Aside from the base essences, and the basic elemental essences, there are some more specialized essences that can also be made in the imbuement chamber.",
      "type": "patchouli:text"
    },
    {
      "recipe": "arsomega:life_essence",
      "type": "ars_nouveau:imbuement_recipe"
    },
    {
      "recipe": "arsomega:nature_essence",
      "type": "ars_nouveau:imbuement_recipe"
    },
    {
      "recipe": "arsomega:alchemy_essence",
      "type": "ars_nouveau:imbuement_recipe"
    }
  ]
}