{
  "name": "block.arsomega.potion_relay",
  "category": "ars_nouveau:machines",
  "icon": "arsomega:potion_relay",
  "pages": [
    {
      "text": "Enables the transport of potion between two potion jars. Can be configured with a dominion wand, similar to a potion jar. Note that you cannot directly chain potion relays to each other, you need a jar in between. Max range: 30 blocks.",
      "type": "patchouli:text"
    },
    {
      "recipe": "arsomega:potion_relay",
      "type": "patchouli:crafting"
    }
  ]
}