{
  "name": "item.ars_nouveau.ritual_petrification",
  "icon": "ars_nouveau:ritual_petrification",
  "category": "arsomega:rituals",
  "pages": [
    {
      "type": "text",
      "text": "The Ritual of Petrification will convert all nearby entities to stone. Takes multiple minutes, and uses up TONS of source. Once complete, however, it cannot be reversed and leaves the victim helpless until they suffocate and leave their dead body as a statue."
    },
    {
      "type": "crafting",
      "recipe": "arsomega:ritual_petrification"
    }
  ]
}