{
  "name": "item.ars_nouveau.ritual_banishment",
  "icon": "ars_nouveau:ritual_banishment",
  "category": "arsomega:rituals",
  "pages": [
    {
      "type": "text",
      "text": "The Ritual of Banishment will smash through the barrier between realms, and banish nearby entities directly to the demon realm. This ritual is a one-way trip, and without sacrificing further items to the ritual, the targets may struggle to leave the dimension. The ritual takes almost a minute, and uses an incredible amount of source. "
    },
    {
      "type": "crafting",
      "recipe": "arsomega:ritual_banishment"
    }
  ]
}